x-position,y-position,real part of ef,imaginary part of ef,reduced shear
  -0.12104,  -0.98063,   0.30159,   0.22545,  0.176796
  -0.92866,   0.20970,  -0.18124,  -0.05010,  0.183451
   1.51863,  -1.36828,  -0.32684,   0.38476,  0.081471
   1.63303,   1.97985,  -0.07592,  -0.20978,  0.062320
   1.18517,  -0.75010,  -0.10226,  -0.14674,  0.123425
  -0.88469,   0.41313,  -0.39342,  -0.30540,  0.178902
   1.81560,  -1.16497,  -0.12119,   0.28790,  0.076557
  -0.97693,  -1.50909,  -0.36933,  -0.27246,  0.094230
   0.15880,   1.65411,   0.35737,  -0.24112,  0.102806
   0.79156,   0.57435,  -0.23577,  -0.05652,  0.178614
  -1.73778,   0.83309,  -0.10516,  -0.05749,  0.087138
   1.47644,  -1.79234,  -0.29550,   0.20261,  0.070225
  -0.92615,   0.26279,  -0.46693,   0.19854,  0.181432
  -0.13624,  -0.32188,   0.10447,  -0.54016,  0.512283
   1.05796,   1.71411,   0.16970,   0.35130,  0.082855
  -0.62443,   1.24644,   0.64429,   0.27071,  0.124221
  -1.01047,  -1.09411,   0.25174,  -0.45872,  0.115778
   0.80521,   1.81110,   0.29746,  -0.01729,  0.084399
  -1.98344,   1.91357,   0.00647,   0.45231,  0.057147
  -0.49464,   1.47229,   0.27481,  -0.49077,  0.110661
   0.09038,   0.33354,   0.37765,  -0.21224,  0.519379
  -0.44668,  -0.17518,   0.01783,  -0.50328,  0.360947
   0.13214,  -1.60404,   0.23378,   0.28497,  0.106462
   1.27260,   1.65050,   0.29793,  -0.31689,  0.079673
  -0.93440,   0.33243,  -0.55679,   0.33344,  0.176139
  -1.55119,   0.74922,   0.22630,  -0.55982,  0.098805
   1.16667,   1.50372,  -0.24956,  -0.04813,  0.088379
  -1.77959,   1.73321,  -0.28433,  -0.26647,  0.064811
   0.74488,   1.21042,  -0.15230,  -0.26779,  0.121707
   1.48988,  -0.41559,   0.01076,  -0.57812,  0.111157
   1.83084,  -0.77307,  -0.24984,   0.17486,  0.084141
  -0.55073,  -0.89673,   0.11021,  -0.22907,  0.165985
   1.35493,   0.67623,  -0.06999,   0.19380,  0.113728
   0.29728,   0.24514,  -0.01169,  -0.42984,  0.457136
   0.21346,  -0.24409,  -0.19696,   0.52910,  0.562202
  -1.91810,   1.27744,  -0.31513,  -0.50287,  0.070858
  -0.54793,  -0.07670,  -0.52853,  -0.22400,  0.312447
  -0.53677,  -1.29653,   0.19584,   0.15364,  0.123365
   0.10088,  -0.70568,   0.21657,  -0.14246,  0.243615
   1.96361,   0.08255,   0.14465,   0.13383,  0.085217
  -0.29584,  -1.44723,  -0.05668,   0.37603,  0.116801
   1.71887,  -1.60377,  -0.56827,  -0.49630,  0.069211
   0.43199,  -0.62916,  -0.21382,  -0.22579,  0.227941
  -1.82333,   1.70747,   0.17464,   0.48954,  0.064380
   1.65797,  -1.90116,   0.07803,  -0.42615,  0.063628
   0.71438,   1.06370,   0.04632,   0.36541,  0.135718
   1.09541,   0.22096,  -0.18993,   0.07881,  0.156210
   0.36647,  -1.79782,  -0.10702,  -0.33809,  0.092101
  -0.52634,  -1.06753,  -0.09825,   0.03030,  0.146467
   0.92446,   0.50799,   0.10566,   0.29914,  0.165589
  -1.38770,   1.14674,  -0.01074,   0.21425,  0.094084
   0.31999,  -1.51445,  -0.14149,  -0.18497,  0.111068
   0.91601,  -1.82372,  -0.05937,   0.17588,  0.081621
  -0.33945,   1.66195,   0.50227,  -0.61063,  0.100504
  -1.27373,  -0.39876,  -0.02533,  -0.13426,  0.130054
  -1.09597,  -0.73200,   0.26702,  -0.41814,  0.131786
   1.81251,   0.39195,  -0.58048,  -0.08023,  0.091008
  -0.98968,   1.39990,   0.18245,   0.23766,  0.099330
   0.34848,   0.62242,  -0.00259,   0.07323,  0.243455
  -1.28273,  -1.48278,  -0.07137,   0.01688,  0.085450
  -1.23464,  -1.05815,  -0.18890,  -0.27691,  0.105278
   0.58564,   0.65997,  -0.27193,  -0.15240,  0.197760
   0.69498,   0.01719,  -0.31932,  -0.25936,  0.249646
  -0.33567,   1.46204,   0.11711,  -0.17294,  0.114889
  -0.49418,  -1.06829,   0.40185,  -0.30678,  0.148150
  -1.13231,  -1.78042,  -0.34320,   0.10145,  0.078547
  -1.36741,   1.20135,  -0.12964,  -0.46281,  0.092930
   0.26609,  -0.65953,   0.27353,   0.12355,  0.244172
  -1.28830,  -0.84962,  -0.02084,  -0.13750,  0.111431
  -1.49375,   1.38006,   0.02852,  -0.32787,  0.081951
  -0.68771,  -1.83759,   0.23365,  -0.58395,  0.085379
  -1.28405,  -1.92883,   0.15697,   0.26022,  0.070404
   1.21453,  -0.87060,  -0.17402,  -0.14939,  0.115362
   0.39263,  -0.76700,   0.07726,   0.17339,  0.202430
   1.07419,  -1.46429,  -0.16720,   0.03835,  0.093167
   0.75556,  -0.93336,   0.31560,   0.02405,  0.145138
  -0.41701,   1.46884,  -0.12859,   0.65298,  0.112719
  -0.81570,   1.74123,   0.06052,   0.06962,  0.087361
   0.06696,  -1.44625,   0.17910,  -0.22000,  0.119334
   1.16683,  -1.89287,   0.26486,   0.35661,  0.073897
  -1.59666,   0.11283,  -0.45404,  -0.05483,  0.107102
  -0.03802,   0.60327,   0.54165,   0.58074,  0.286252
  -0.47523,  -0.06040,  -0.10427,  -0.34880,  0.361527
   1.47173,   1.14820,   0.16738,   0.30444,  0.090337
   1.90694,  -1.44533,   0.19476,   0.19632,  0.067776
   1.34881,   1.15886,   0.20321,   0.17474,  0.095379
  -1.95085,   1.63382,   0.16137,   0.17796,  0.062964
   0.31913,  -1.90089,  -0.49268,  -0.08159,  0.087121
   1.54406,   0.04070,  -0.50517,   0.23732,  0.111325
   1.34173,   1.08711,   0.28501,   0.46615,  0.098538
   1.74685,   1.08073,  -0.18189,   0.15347,  0.081015
   0.04119,   0.41680,   0.47899,  -0.10707,  0.416736
  -1.00311,  -0.22085,   0.26823,  -0.37332,  0.170075
   0.08942,   1.10159,   0.32043,   0.03675,  0.157969
   1.27457,   0.70140,   0.29609,  -0.34113,  0.118720
  -0.34212,  -1.97359,  -0.16659,   0.08002,  0.083390
  -1.20084,  -0.56544,  -0.19804,   0.06352,  0.130813
   1.76234,  -1.40103,   0.07187,  -0.09009,  0.072830
  -1.54630,  -1.63042,  -0.11438,   0.27920,  0.072994
  -0.36224,   1.35433,   0.01923,   0.42133,  0.123487
  -0.43281,  -1.67837,  -0.37335,   0.13926,  0.098135
   0.72247,   0.32434,  -0.15205,  -0.48896,  0.219864
   1.58595,  -0.03957,  -0.04182,  -0.26229,  0.108146
  -0.39849,   0.16387,  -0.15964,   0.37380,  0.404166
  -0.75512,  -1.67170,   0.00506,  -0.41407,  0.092127
  -0.10224,  -0.30789,   0.51814,  -0.38329,  0.561858
   0.43361,  -0.52168,   0.07244,   0.17982,  0.255687
  -1.07622,   1.88549,   0.01141,   0.30296,  0.075990
  -1.81413,   0.82196,   0.06726,  -0.46412,  0.083934
  -1.12848,  -0.95081,   0.17502,  -0.50413,  0.116930
  -0.11551,  -0.23190,   0.66332,  -0.40628,  0.774031
  -0.00052,   1.45872,   0.33509,   0.29227,  0.118381
   0.60766,  -0.59459,  -0.11707,  -0.01080,  0.205113
   0.71849,   0.86399,   0.20798,  -0.09207,  0.155331
   1.74699,  -0.49843,   0.21724,  -0.17605,  0.093129
  -1.27193,   1.25299,  -0.62060,   0.01261,  0.094953
  -1.01453,  -0.40990,  -0.05615,  -0.34394,  0.159578
  -0.19777,  -0.64701,   0.20571,  -0.46821,  0.256347
   1.88465,  -1.29345,   0.11970,   0.28906,  0.071543
  -1.25703,   1.64952,   0.00705,  -0.35453,  0.080127
   0.48421,  -0.50392,  -0.09835,  -0.17741,  0.248369
   0.83987,   0.85436,  -0.17907,   0.02953,  0.145486
  -1.36052,   1.16783,   0.21751,   0.46971,  0.094506
  -1.15151,   0.67991,  -0.25156,  -0.07786,  0.129792
   1.65200,   1.97458,  -0.22240,   0.03037,  0.062085
   0.03046,   0.50760,   0.52593,  -0.06229,  0.340101
  -0.14281,  -1.98075,  -0.01812,  -0.00428,  0.084212
  -1.82837,  -1.93959,  -0.56214,   0.11076,  0.059525
   0.74466,  -0.73716,  -0.04067,   0.10543,  0.166705
   1.22861,   1.12731,  -0.02216,  -0.44928,  0.102419
   0.66049,  -0.58075,   0.30078,   0.16711,  0.198390
  -0.55279,  -0.56794,   0.09851,   0.01284,  0.219697
   0.90670,  -0.33132,   0.08706,   0.18269,  0.180941
   1.93578,   0.45062,  -0.42229,  -0.47795,  0.084133
  -1.41263,   0.79489,  -0.32163,   0.43463,  0.105642
   0.14116,  -0.98783,   0.04592,   0.33773,  0.175066
   1.14964,   1.26060,   0.30268,  -0.03200,  0.099865
  -0.45385,   1.00208,   0.21590,   0.06782,  0.158718
   0.47947,  -0.63261,   0.01467,   0.23243,  0.219363
   1.29146,   1.99616,   0.10093,   0.08156,  0.068293
   1.87964,   1.16763,   0.06327,  -0.50872,  0.074320
   1.84341,  -1.03997,   0.01970,  -0.20059,  0.078266
  -1.08287,   0.06025,  -0.20044,   0.01528,  0.161017
  -0.57641,   0.95980,  -0.52002,  -0.08939,  0.155912
   1.53037,   0.83853,  -0.18597,  -0.26153,  0.097401
   0.37856,  -1.63130,  -0.20307,  -0.36108,  0.101934
   1.69721,   0.67145,  -0.25112,  -0.49654,  0.092644
  -0.81539,   1.45930,   0.26817,   0.03736,  0.102134
   1.56188,  -1.34020,  -0.00485,   0.11270,  0.080837
   0.34186,   1.79742,   0.05070,  -0.28567,  0.092392
   1.80894,  -0.99452,  -0.30077,   0.38402,  0.080556
   1.01033,   0.33722,  -0.44329,   0.04524,  0.163980
   0.19835,  -0.41340,  -0.01662,   0.47865,  0.378370
  -0.91165,   0.67409,   0.55898,   0.27091,  0.153923
  -0.83458,  -1.01875,   0.06909,  -0.35949,  0.131890
   1.72538,  -0.68203,   0.24687,   0.73848,  0.090959
  -1.75171,  -0.84940,   0.00951,   0.30745,  0.086141
  -0.27059,   1.39299,  -0.03878,  -0.00346,  0.121910
  -1.46587,   0.76859,   0.00795,   0.49743,  0.103253
  -0.74434,  -0.63796,  -0.07997,  -0.07022,  0.178188
  -0.99582,   1.46049,  -0.06658,  -0.12291,  0.096016
  -1.13154,  -1.78409,  -0.27134,  -0.11574,  0.078431
  -1.23098,   1.36241,   0.45983,   0.26062,  0.092024
  -0.04244,  -1.73804,   0.10469,   0.12130,  0.097804
  -0.71519,  -1.60300,  -0.13593,  -0.27225,  0.096769
  -1.15139,  -0.58840,   0.30350,  -0.01369,  0.134439
   0.05850,  -0.37602,   0.25175,   0.65341,  0.463660
  -0.36885,   1.58683,  -0.68591,  -0.08087,  0.105060
   1.25008,  -1.36129,   0.20896,  -0.54400,  0.091352
   0.16557,  -1.25922,   0.34130,   0.22806,  0.136971
  -0.72855,  -0.44221,  -0.13025,  -0.28205,  0.204621
   1.91274,  -1.36829,   0.08760,  -0.09720,  0.069180
  -0.62651,   0.35234,  -0.08068,  -0.06610,  0.241655
  -1.03934,   0.44435,  -0.02058,   0.17808,  0.154402
   0.06560,  -0.47180,   0.34486,  -0.01456,  0.363658
  -0.41190,   1.12012,  -0.15864,  -0.05148,  0.146062
   1.43113,   0.47656,  -0.30973,   0.44734,  0.114208
  -0.37374,   0.27727,  -0.39034,   0.34314,  0.372564
  -0.15561,   1.22500,   0.14770,  -0.02356,  0.141020
  -0.65115,   1.26695,   0.00974,   0.06064,  0.121414
   0.25458,  -0.29749,   0.37831,   0.03445,  0.448926
  -1.32312,  -0.94658,  -0.32886,   0.03736,  0.105221
  -1.40750,   0.54514,   0.07651,  -0.71273,  0.114128
  -0.74727,   1.16622,   0.51202,   0.31578,  0.125077
  -1.58884,  -0.46959,   0.06274,  -0.09684,  0.103142
   1.51337,  -1.97566,  -0.05401,  -0.36845,  0.064669
  -0.94655,  -0.05695,  -0.10818,  -0.40874,  0.184176
   1.25829,   1.05871,  -0.07573,   0.38210,  0.103991
  -0.47377,  -0.03427,  -0.19876,   0.08097,  0.364710
  -0.91548,  -1.86087,  -0.38964,  -0.48155,  0.080128
   0.45665,   0.96332,   0.54838,  -0.46684,  0.163832
  -0.29710,   0.62342,   0.10377,   0.30759,  0.251265
  -0.29491,  -0.40565,   0.25792,  -0.29348,  0.344930
  -0.21652,  -1.38246,   0.22220,  -0.42787,  0.123732
  -0.79606,   1.25159,   0.15194,   0.03441,  0.116283
  -0.53377,  -0.11502,  -0.34011,   0.01711,  0.316585
   0.90204,   1.75501,   0.09663,   0.46351,  0.084827
  -0.64488,  -0.31223,  -0.45835,  -0.19679,  0.242409
   1.75745,  -1.67487,  -0.08220,   0.27141,  0.066616
   0.33506,  -1.75366,   0.33395,   0.40708,  0.094956
  -1.90956,  -1.67932,  -0.32265,   0.60184,  0.063015
   1.53486,  -0.62272,  -0.20443,   0.48212,  0.103169
  -0.09408,   1.58919,  -0.05683,  -0.32501,  0.107737
   1.77434,  -1.09434,   0.06672,   0.13295,  0.079649
  -1.10887,   1.40921,  -0.22747,   0.37212,  0.094496
  -0.21426,   1.66303,   0.20624,   0.14341,  0.101791
  -0.84554,   1.79674,   0.23040,   0.41088,  0.084219
   1.86670,  -1.91911,   0.08494,   0.07336,  0.059208
   0.25594,  -1.79031,   0.00100,   0.20618,  0.093601
  -1.57597,  -1.07804,   0.08812,  -0.01455,  0.088056
   0.14673,   1.25804,   0.75190,   0.02026,  0.137363
   1.60787,  -1.77045,   0.02316,   0.20808,  0.067815
  -0.72431,   0.45365,  -0.03255,  -0.11349,  0.204059
  -0.57804,  -1.45235,   0.13814,  -0.20553,  0.109895
  -1.14358,  -0.46298,  -0.27811,  -0.52368,  0.141150
  -0.79476,  -0.40130,  -0.34248,   0.41400,  0.196016
  -1.72843,   0.84091,  -0.30483,   0.08218,  0.087396
   1.88470,  -1.03360,   0.25738,  -0.51325,  0.076875
  -1.01684,   1.78027,  -0.14617,   0.45830,  0.081193
  -0.08870,   0.34259,   0.51146,   0.24920,  0.504701
  -0.17744,   1.79375,   0.20433,  -0.13523,  0.093950
   0.08230,   0.46749,   0.31484,  -0.13234,  0.364968
  -1.07680,  -0.99864,   0.18813,   0.17980,  0.117530
  -1.24654,   0.58399,  -0.09763,  -0.01514,  0.125896
   0.68190,  -0.98419,  -0.00164,  -0.06888,  0.145575
   0.06367,  -1.61577,   0.21021,  -0.02021,  0.105920
   1.14843,   0.00236,  -0.36198,   0.10542,  0.151925
  -0.63810,   1.18495,   0.21966,  -0.04834,  0.128923
  -1.68133,  -1.76708,  -0.33946,  -0.30654,  0.066244
   1.65053,   0.11504,  -0.17471,  -0.01023,  0.103295
  -0.90613,  -0.05507,   0.23271,  -0.37381,  0.192294
  -0.57850,   1.56525,   0.45468,  -0.26451,  0.102330
  -1.86729,   0.67595,   0.09734,   0.46836,  0.084213
  -1.31804,  -0.02238,  -0.37834,  -0.06568,  0.131755
   0.97119,   1.45044,   0.17390,  -0.43948,  0.097369
  -1.93006,   1.92128,   0.30571,  -0.42209,  0.057988
  -0.34669,  -1.16060,   0.34741,  -0.26108,  0.143851
  -0.51879,  -1.93562,  -0.41983,  -0.17792,  0.083346
   0.24474,  -1.74155,   0.14611,  -0.07781,  0.096564
  -1.49837,   0.21647,   0.13396,   0.47448,  0.113759
   0.21134,   1.82110,   0.38922,  -0.21813,  0.092184
  -1.55587,  -1.35257,  -0.20389,   0.28511,  0.080678
  -1.08410,  -0.80348,   0.16783,  -0.48502,  0.128567
   1.90681,   0.38309,   0.47455,  -0.04364,  0.086236
  -1.24743,   1.79789,   0.38489,   0.40333,  0.075293
  -1.05189,  -0.72302,   0.18498,   0.46313,  0.136262
   0.42677,   1.24019,   0.12217,  -0.32095,  0.132456
   1.04363,  -0.25450,  -0.62039,   0.31786,  0.162580
   1.49636,  -1.68746,   0.06726,  -0.15295,  0.072680
   0.93797,  -1.98278,   0.20548,  -0.35541,  0.075086
  -1.19913,   1.47874,   0.02094,   0.18862,  0.088348
  -0.66704,  -1.71154,   0.08795,  -0.05522,  0.091981
  -1.59801,   0.70393,  -0.11405,  -0.15666,  0.097330
   1.92355,   1.30283,   0.01375,  -0.41462,  0.070186
   0.82042,   1.09941,   0.19136,  -0.56617,  0.126358
  -1.78942,   0.92084,  -0.50307,   0.05511,  0.082943
   1.94721,   1.85000,  -0.02444,  -0.06749,  0.058975
   1.20856,   0.65664,   0.53041,  -0.34160,  0.126005
   1.64441,   1.60956,  -0.01540,  -0.17486,  0.070986
  -1.79577,   1.54963,  -0.12972,  -0.34727,  0.068483
  -0.37997,  -1.28386,  -0.01008,   0.39436,  0.129624
  -0.34337,   1.08128,   0.11383,   0.11725,  0.153828
   0.23932,  -1.65021,   0.33483,   0.00347,  0.102415
   0.05780,   1.94079,   0.01838,   0.04135,  0.086400
  -0.74692,  -0.00961,  -0.20616,   0.04512,  0.232760
   1.11568,   0.60219,   0.31577,  -0.24184,  0.137222
  -0.81736,  -1.86084,   0.46656,  -0.13901,  0.082009
  -0.99540,   1.90639,  -0.06427,  -0.46926,  0.076829
  -1.80264,  -1.96018,  -0.25313,   0.01489,  0.059592
   0.34902,   1.60090,  -0.04768,  -0.71245,  0.104403
  -1.99097,  -1.82921,   0.33477,  -0.30053,  0.058502
  -1.02388,  -0.17787,  -0.56696,  -0.49225,  0.168092
  -1.59505,  -0.74337,   0.11283,   0.48003,  0.096496
   0.24165,   0.75043,  -0.05637,  -0.00759,  0.220832
  -1.66293,   0.19751,  -0.23098,  -0.11618,  0.101936
  -1.32399,   0.57666,   0.14617,  -0.40473,  0.119658
  -1.36658,   1.61765,  -0.04980,   0.06299,  0.078219
   1.75138,   1.84542,   0.02965,  -0.23938,  0.062978
   0.08252,   1.19513,   0.05605,  -0.07217,  0.145495
  -0.85138,  -0.52983,  -0.14378,   0.11320,  0.174208
   1.35392,   1.88967,  -0.00193,  -0.19484,  0.070136
  -1.69805,  -0.48983,  -0.13026,  -0.48046,  0.096040
  -0.92218,   0.49484,   0.05544,   0.37041,  0.166907
   0.70543,   0.10906,  -0.09625,  -0.15467,  0.243295
  -0.42130,   1.11254,   0.14812,   0.63564,  0.146543
   1.46771,   1.05154,  -0.67159,   0.08367,  0.093775
   1.95450,  -1.59986,   0.02903,  -0.48237,  0.063530
   0.05228,   1.46656,   0.27597,   0.20140,  0.117625
  -1.12418,  -0.32302,  -0.56546,  -0.26849,  0.149108
  -0.98708,  -0.41166,  -0.26916,  -0.07802,  0.163306
   1.82586,  -0.14266,   0.43009,  -0.07674,  0.092291
   0.40486,   0.45248,  -0.14574,  -0.41278,  0.284965
   0.92996,  -1.27971,   0.40646,   0.33069,  0.108481
  -0.69508,   0.09454,  -0.57691,  -0.07189,  0.247462
  -0.36150,  -1.99396,  -0.42164,  -0.13764,  0.082286
  -0.85085,  -1.39003,   0.01004,  -0.12811,  0.105016
  -0.90392,  -0.33940,  -0.44958,  -0.43814,  0.180904
  -0.40426,  -1.31200,   0.52986,   0.28159,  0.126252
  -1.86066,   1.26299,   0.12981,   0.14562,  0.072928
  -0.50610,   0.66228,  -0.17992,   0.46367,  0.209131
   1.49674,   1.27244,   0.49757,   0.02972,  0.085258
  -0.65795,   1.97152,  -0.17939,  -0.40395,  0.079926
   0.29726,   0.50611,  -0.08017,  -0.21096,  0.294663
   0.64397,  -0.18901,  -0.15323,   0.64124,  0.258368
  -1.55062,   0.32266,   0.25140,  -0.33616,  0.108339
  -1.67686,  -0.11140,   0.06931,  -0.26960,  0.101539
  -1.87853,  -1.00132,  -0.05522,   0.37922,  0.077746
   1.60559,   0.11410,  -0.60448,  -0.16148,  0.106450
  -0.03152,  -1.86193,   0.29291,  -0.70551,  0.090580
   0.11989,   0.55424,   0.47744,  -0.03493,  0.304894
  -0.87949,  -1.93631,   0.42993,  -0.37060,  0.077833
  -1.81755,   0.51494,  -0.13086,   0.36620,  0.089127
   1.60659,   1.73022,   0.24078,   0.00897,  0.068856
  -0.12664,  -0.59339,   0.58061,   0.02332,  0.285191
   1.22195,  -0.32890,  -0.31267,  -0.41613,  0.137490
  -0.11017,  -0.33095,   0.57849,  -0.42907,  0.513555
  -1.99471,  -0.52647,   0.41512,  -0.59733,  0.080614
   0.44097,   0.54600,   0.29872,  -0.29727,  0.247343
  -0.87383,  -0.01434,  -0.11170,  -0.15265,  0.199631
   0.22431,   1.03050,   0.08896,  -0.31510,  0.165622
   1.80843,  -1.75804,   0.05830,  -0.11324,  0.063641
   0.66130,  -1.98126,   0.11777,   0.44308,  0.079472
   1.15027,  -0.48625,   0.03173,   0.48588,  0.139387
   1.97294,   0.82288,  -0.32884,   0.05870,  0.077370
  -1.25690,   0.76451,   0.30856,  -0.07993,  0.117312
  -0.59443,   0.21977,  -0.24189,   0.69595,  0.273258
   1.46599,   1.98657,  -0.04519,  -0.62283,  0.065290
   0.87888,   1.81358,   0.13201,  -0.14694,  0.082808
   0.31924,  -0.73237,   0.17220,   0.51213,  0.217983
  -0.53590,   0.52868,  -0.18649,   0.66322,  0.231013
  -1.70958,   1.23533,   0.27840,  -0.20103,  0.078581
   1.61191,  -0.42966,   0.27734,  -0.38021,  0.102367
  -1.42420,  -1.72290,   0.12176,  -0.29212,  0.073444
  -0.01643,   0.62093,   0.35057,   0.00505,  0.278694
   1.51809,   0.32827,  -0.43757,   0.07630,  0.110659
   0.11208,   1.37142,  -0.00257,   0.30263,  0.125950
  -0.62123,  -1.38524,   0.19614,  -0.28936,  0.113417
  -0.25586,  -0.81145,   0.31298,   0.10629,  0.204956
   0.65744,  -1.51697,   0.08024,   0.06520,  0.103380
   0.28187,   0.59122,   0.44977,   0.00540,  0.264593
  -0.97529,   1.15907,  -0.20122,   0.01551,  0.113688
  -0.36624,  -0.79305,  -0.02945,   0.14367,  0.199725
  -1.35335,   1.52389,   0.27273,   0.65282,  0.081748
   0.97263,  -1.89460,  -0.04722,   0.22389,  0.077707
  -1.17298,   0.79212,   0.48588,   0.19672,  0.122243
  -1.07831,  -0.43719,  -0.00092,  -0.55703,  0.149907
  -0.51242,   0.23388,  -0.53434,  -0.09066,  0.306927
   1.05549,   0.01786,  -0.13266,   0.07502,  0.165463
  -1.19473,  -0.93038,   0.15470,   0.26639,  0.113732
  -1.37079,  -0.94960,   0.10429,  -0.36781,  0.102409
  -0.95868,   1.57172,   0.33802,  -0.05182,  0.091751
  -0.72410,   1.36052,  -0.32230,   0.28999,  0.111589
  -0.34785,  -0.82660,   0.27855,  -0.30788,  0.194619
   0.13871,   1.74566,   0.29500,  -0.47927,  0.097023
   1.53060,   0.45149,   0.08865,  -0.10190,  0.107456
   0.88631,   1.70152,   0.27419,   0.29177,  0.087583
   1.23902,  -1.05980,  -0.02507,   0.63618,  0.104968
   1.12967,  -0.18135,   0.07247,  -0.08720,  0.152507
  -1.88603,   0.60542,   0.17320,   0.30425,  0.084458
   0.83551,  -1.66418,  -0.31051,   0.45876,  0.090582
  -1.55900,  -0.39409,  -0.18370,  -0.22742,  0.106565
   1.77214,  -0.56890,   0.47874,   0.35048,  0.090633
  -0.17722,   1.05837,   0.03154,  -0.08632,  0.162750
   1.94774,   1.00567,  -0.00531,   0.45371,  0.075142
  -0.07659,   0.82293,  -0.07207,  -0.02186,  0.210872
   0.74192,  -1.99536,   0.10506,   0.30514,  0.077743
   0.17717,   0.84470,   0.46096,  -0.22402,  0.202102
  -1.34725,   0.60688,   0.12158,   0.41932,  0.116761
  -0.97900,  -0.24861,  -0.08775,  -0.04767,  0.172951
   1.51805,  -0.83114,   0.40283,   0.13687,  0.098297
   1.45806,   0.38018,  -0.24944,   0.14421,  0.114337
  -0.83218,   1.61478,   0.36067,  -0.18934,  0.093135
   1.09617,  -1.55918,   0.18140,  -0.04228,  0.088237
  -1.44828,  -1.24688,   0.15266,   0.24939,  0.087969
  -1.65270,  -1.69215,   0.03818,  -0.16187,  0.068710
   0.34179,   0.89670,   0.16974,  -0.07732,  0.182010
  -0.81652,  -1.26519,   0.42411,  -0.15815,  0.114420
   1.32514,  -0.50472,  -0.26761,   0.18029,  0.122003
  -1.55506,   1.63764,   0.32901,   0.29349,  0.072567
   1.27905,   0.71621,   0.17812,   0.27681,  0.117759
  -1.84072,  -0.18050,   0.22183,  -0.65561,  0.091276
   0.84912,  -1.25405,   0.09066,   0.14739,  0.113714
   0.98305,  -1.18586,  -0.25051,   0.50910,  0.111657
  -1.78966,  -0.65081,  -0.12006,  -0.01228,  0.088322
   1.23524,  -0.66798,   0.06942,  -0.08707,  0.123269
  -1.13705,  -1.00232,   0.15638,  -0.38950,  0.113611
  -0.54014,  -1.44478,  -0.24429,   0.09068,  0.111492
  -0.70591,  -1.02177,   0.28574,  -0.27126,  0.140191
   1.10010,   1.46431,   0.21184,  -0.31554,  0.092286
   0.78104,   0.94379,  -0.45685,  -0.19335,  0.142184
   1.12744,  -1.13864,   0.00218,   0.26849,  0.106976
  -0.90112,   1.41738,   0.04884,  -0.25729,  0.101604
   0.87266,   0.17861,  -0.59991,   0.31835,  0.195924
   1.65957,  -1.91343,   0.06662,   0.13263,  0.063317
   1.56795,   1.88697,   0.06155,   0.22320,  0.065785
  -0.22434,  -1.88864,  -0.20573,   0.25860,  0.088449
  -0.23662,  -1.88981,   0.03169,   0.22494,  0.088309
   0.10892,  -0.73915,   0.35031,   0.23812,  0.232717
   0.86443,  -1.08053,   0.15769,  -0.09160,  0.125204
   0.64093,  -1.24471,   0.00031,  -0.13234,  0.123665
  -1.99316,   0.98563,  -0.42853,  -0.13974,  0.073900
  -0.86379,  -1.40487,   0.06244,  -0.12613,  0.103663
   0.49476,  -0.33294,  -0.49520,   0.01275,  0.290057
  -0.47235,  -0.92636,   0.04550,  -0.06178,  0.167991
  -0.92112,   1.99250,   0.61084,   0.27943,  0.075019
   0.45821,  -0.82103,   0.16490,  -0.09748,  0.185735
   1.13420,   1.99012,   0.27128,   0.16828,  0.071366
  -1.33084,  -0.77982,  -0.17918,  -0.48590,  0.111489
   0.98974,  -0.14551,  -0.32576,  -0.01534,  0.174626
   0.95280,  -1.24783,   0.56191,  -0.05204,  0.109375
  -0.03781,   1.08403,  -0.10093,  -0.27659,  0.160994
   0.56431,   0.02713,  -0.19450,   0.36332,  0.306016
   1.99054,   1.51358,  -0.73970,  -0.20897,  0.064299
  -0.95199,   0.29035,  -0.20500,   0.29891,  0.175518
  -0.30111,  -0.32960,  -0.60874,  -0.50295,  0.389173
   0.20308,  -0.96201,  -0.17240,   0.30460,  0.177667
   1.09322,  -1.44194,   0.46086,   0.02395,  0.093544
   1.33479,  -1.78551,   0.07933,  -0.17650,  0.073677
   0.03743,   0.29982,   0.57740,  -0.16753,  0.616971
  -1.10329,   1.30598,  -0.65566,  -0.36944,  0.099637
  -0.42596,   0.64727,   0.01744,   0.28955,  0.224594
   1.18454,  -0.82956,  -0.26806,   0.42872,  0.119480
  -0.14422,   0.91008,   0.01453,   0.36208,  0.189485
   0.11446,  -0.53772,   0.30839,   0.51181,  0.314432
  -0.84521,   1.67428,  -0.23315,   0.02048,  0.089855
  -1.21972,   0.87674,   0.05206,   0.02794,  0.114720
   0.75649,   1.21178,   0.41365,  -0.53754,  0.121049
  -0.71722,  -1.14107,  -0.04688,  -0.10585,  0.128731
   0.42659,  -0.18806,  -0.19599,   0.27211,  0.371863
   0.68238,   1.75870,  -0.24266,  -0.34447,  0.089269
  -0.75445,   1.65446,   0.21037,   0.14335,  0.093034
  -1.58156,  -0.11473,  -0.34277,   0.41992,  0.108199
   0.59210,  -0.44274,  -0.02181,   0.53631,  0.235111
   0.45788,   1.05324,   0.45261,   0.38856,  0.151921
   1.70925,  -0.33862,  -0.15716,  -0.03234,  0.097561
   0.07465,   1.30598,   0.09667,  -0.40585,  0.132821
  -1.36102,   1.01995,   0.48038,  -0.05628,  0.100209
  -1.88109,  -1.31977,   0.21072,   0.02681,  0.071100
  -0.53858,   0.69103,   0.16424,   0.33946,  0.199143
   0.90742,  -1.32370,  -0.13891,   0.41777,  0.106795
   1.19031,   0.55108,  -0.14773,  -0.29277,  0.132444
  -1.78444,  -0.22430,   0.02001,   0.08673,  0.094185
  -0.64526,  -1.73193,  -0.03543,  -0.05938,  0.091349
  -0.12402,   1.73902,   0.28164,   0.12108,  0.097501
   1.27574,   0.50330,  -0.22057,  -0.72084,  0.126392
  -0.21649,  -0.74789,  -0.28613,  -0.26800,  0.223540
   1.41273,  -1.45679,  -0.00478,   0.57474,  0.082155
  -1.32967,   1.75299,   0.43396,  -0.34051,  0.074816
   0.40935,   1.19256,  -0.12367,  -0.20526,  0.138009
   0.06906,   0.68234,   0.31057,   0.23857,  0.252968
   1.74071,  -1.11721,   0.31481,   0.35933,  0.080373
  -0.10630,  -0.95585,   0.30619,  -0.18019,  0.181614
  -0.87244,   0.76974,   0.06457,   0.16730,  0.149921
   0.26679,  -1.08802,   0.23257,  -0.36482,  0.155817
   0.56440,  -0.02233,  -0.60138,   0.01218,  0.306078
  -1.87083,  -0.12410,  -0.25686,  -0.17106,  0.089886
   1.07464,  -1.16066,   0.33127,   0.00763,  0.108493
   0.59536,   0.36555,  -0.54038,  -0.34551,  0.248450
   0.31206,  -0.00647,  -0.46666,  -0.06945,  0.590709
   1.29629,  -0.22305,  -0.05665,  -0.07657,  0.132059
  -1.53453,   1.74926,  -0.02675,   0.18007,  0.070054
   1.12892,  -1.38526,   0.16590,  -0.11837,  0.094860
  -0.54091,   0.64638,   0.40042,   0.54522,  0.206861
  -0.79051,  -1.42147,  -0.07819,   0.52945,  0.105246
   1.72437,  -1.43723,  -0.16488,   0.08827,  0.073081
   0.42400,  -1.47208,  -0.05622,   0.11527,  0.112319
  -0.60519,  -0.50970,   0.04214,  -0.35810,  0.220054
  -1.02092,  -0.32823,  -0.19007,  -0.37040,  0.162860
   0.67543,   1.83172,   0.09984,  -0.26202,  0.085866
  -1.59469,   1.96176,   0.42288,   0.60580,  0.063459
   1.65611,  -1.25568,  -0.00048,  -0.28383,  0.079930
   1.26627,   0.92733,  -0.08402,  -0.62860,  0.109412
   1.90751,   0.72378,  -0.52944,   0.36345,  0.081650
  -0.19878,   0.44688,   0.40622,  -0.03042,  0.353887
  -1.46258,   0.19057,   0.02082,  -0.27988,  0.116989
   1.08072,   1.44963,  -0.52912,   0.08717,  0.093622
  -0.12991,   0.99981,   0.18119,   0.14449,  0.173269
   1.71191,   0.35352,   0.01658,   0.17219,  0.097216
   0.97760,   1.13732,  -0.16062,  -0.56860,  0.114917
  -0.43876,  -0.28289,  -0.28592,  -0.58466,  0.331181
  -0.01488,  -1.90274,  -0.35223,  -0.00926,  0.088402
  -0.46760,  -0.38081,  -0.08028,  -0.05751,  0.286939
   1.64808,   0.16016,   0.61511,   0.09699,  0.103205
   0.68312,  -1.35696,  -0.35096,  -0.08834,  0.113333
   0.21567,  -0.45842,   0.26081,  -0.24300,  0.341397
   1.80423,   1.32989,  -0.15925,  -0.41680,  0.073211
  -0.05413,   0.24981,   0.68274,   0.11443,  0.791152
   0.95717,  -0.89435,  -0.03246,  -0.21688,  0.132624
  -1.19658,  -1.99543,  -0.57497,  -0.18293,  0.070063
  -0.31792,   1.27867,   0.25419,   0.29326,  0.131822
   0.41240,   0.65043,   0.32486,  -0.63060,  0.225933
   1.21171,  -1.49556,  -0.01084,   0.23095,  0.087258
  -1.67216,   1.04119,  -0.27310,  -0.11564,  0.084996
  -1.42003,  -0.04814,  -0.24447,   0.33231,  0.121744
   1.73612,  -1.38153,   0.56585,  -0.15143,  0.074088
  -0.32568,  -1.01858,   0.35115,  -0.11577,  0.163322
   1.78038,  -0.69647,  -0.08978,  -0.28465,  0.087934
   0.02873,  -1.33738,   0.33277,   0.28695,  0.129748
   1.52332,  -1.98910,  -0.21605,  -0.16341,  0.064152
  -0.94410,  -1.15273,   0.28938,   0.34044,  0.115723
  -0.61745,   1.66984,   0.09449,   0.28916,  0.095257
  -1.88030,  -0.49777,  -0.22121,  -0.13374,  0.086228
   1.54202,   0.35705,   0.23655,   0.50406,  0.108415
   0.56214,  -1.49096,   0.24951,   0.01689,  0.107631
   1.32889,   1.62686,   0.43168,  -0.12552,  0.078952
  -0.21102,  -1.35519,   0.23097,  -0.17547,  0.126383
   1.81907,  -1.66796,  -0.00651,   0.25580,  0.065319
   0.73749,   0.95658,  -0.38201,  -0.35254,  0.144270
   0.07643,   0.91955,   0.46462,  -0.03095,  0.189223
   0.95629,  -0.23531,   0.20737,   0.36400,  0.177379
  -1.67629,  -1.84357,   0.06230,  -0.05084,  0.064575
   1.59926,  -1.83962,   0.21633,   0.13634,  0.066294
  -1.60337,  -0.55636,  -0.08294,  -0.22450,  0.100446
  -0.06638,  -1.95131,  -0.03141,  -0.13965,  0.085858
   1.85785,  -0.10344,  -0.17923,   0.35955,  0.090660
   1.08975,  -1.31511,   0.08948,   0.08691,  0.099746
   0.21470,   0.75409,   0.69640,   0.01004,  0.222019
   0.66614,   0.74109,   0.34557,  -0.46184,  0.175311
  -0.22000,  -1.33301,   0.50424,  -0.19980,  0.128401
   1.31709,  -0.74285,   0.14157,  -0.22695,  0.113904
   1.73110,  -0.95977,  -0.15201,  -0.18210,  0.084529
   1.75904,  -1.32291,  -0.10713,   0.04419,  0.074786
  -1.98158,   1.62219,   0.32130,   0.05424,  0.062483
  -1.08151,   1.77542,   0.52409,   0.28683,  0.079905
  -0.96374,  -1.47643,  -0.23646,   0.06181,  0.096292
  -1.56772,  -1.77461,   0.23313,  -0.13545,  0.068622
  -1.27715,  -0.94507,   0.41118,  -0.30564,  0.107971
   0.79746,  -1.13244,   0.37344,  -0.03725,  0.125080
  -0.12307,   1.00185,   0.25125,   0.46499,  0.173071
   1.35071,  -1.35452,   0.24651,  -0.39255,  0.087875
  -1.85118,   0.27886,   0.07368,  -0.01278,  0.090042
  -1.93709,  -0.37500,  -0.35062,   0.18537,  0.084837
   0.31900,   0.41443,   0.13380,  -0.57554,  0.330587
   1.70845,  -1.09019,   0.38701,  -0.50791,  0.082278
  -1.49608,  -0.41509,  -0.16157,  -0.03173,  0.110704
   1.99922,  -0.48494,  -0.30182,   0.30482,  0.080876
  -0.67371,  -1.53603,  -0.11629,  -0.72892,  0.101757
   1.52514,  -1.11312,  -0.03752,  -0.30320,  0.089178
   0.85786,   1.98123,   0.45135,   0.06737,  0.076483
  -1.37377,  -1.95806,  -0.24275,  -0.09103,  0.067805
  -1.23592,   0.19648,  -0.16734,  -0.09563,  0.139085
  -0.07241,  -0.48563,   0.44293,   0.23311,  0.352482
  -1.69941,  -0.62947,  -0.16044,  -0.28384,  0.093386
   1.67575,   0.10352,  -0.00526,  -0.22562,  0.101647
  -0.11822,  -1.42567,  -0.21655,   0.16478,  0.120866
  -0.15856,   1.15381,   0.32839,   0.29600,  0.149764
  -1.84959,  -1.50938,   0.29186,   0.55218,  0.067960
   0.23381,  -1.62979,  -0.08836,  -0.28866,  0.103849
  -0.45854,   0.42251,   0.08420,  -0.15777,  0.277650
  -1.44181,   0.38329,  -0.36774,   0.58128,  0.115566
   1.84223,  -1.81542,  -0.16041,   0.16419,  0.061739
   0.57780,   0.36599,  -0.05683,  -0.20922,  0.253643
   0.45123,   0.83680,   0.62583,  -0.27075,  0.183706
   1.92435,   0.54156,   0.06368,   0.19293,  0.083577
   1.39559,   1.35177,   0.00642,  -0.28903,  0.086336
   1.08442,  -1.24006,   0.21833,   0.21765,  0.103790
  -1.22184,   0.84769,   0.12693,  -0.16998,  0.115965
   1.71795,  -0.25520,  -0.16564,   0.23232,  0.097914
  -0.44400,  -0.19648,   0.19754,   0.25527,  0.356554
   0.14395,  -0.97282,  -0.65454,   0.31586,  0.177631
   1.37359,  -0.00704,  -0.13374,  -0.39552,  0.126181
   1.24201,  -1.31195,  -0.59925,  -0.15449,  0.093712
  -0.08986,   0.46306,   0.17762,   0.28541,  0.367361
  -1.40684,  -0.37018,   0.08788,  -0.36301,  0.118728
   1.94847,   1.69499,  -0.07398,  -0.04308,  0.061851
  -1.38974,  -0.39155,  -0.09728,   0.03957,  0.119683
  -0.43251,  -1.44118,   0.46363,   0.07348,  0.114511
   1.01383,  -1.65265,   0.00211,   0.30047,  0.086542
   0.24609,   0.50852,   0.15943,  -0.59698,  0.306028
  -1.64897,   0.59376,  -0.35210,  -0.06805,  0.096934
  -1.15572,   0.14531,  -0.08849,  -0.10721,  0.149743
   1.43875,   1.50490,   0.26960,  -0.56418,  0.079767
   1.51339,   1.50013,  -0.24510,   0.00842,  0.077654
  -1.04131,  -0.50436,   0.06410,  -0.08096,  0.150774
   1.95095,   0.75190,  -0.15264,  -0.10519,  0.079379
   0.90908,  -0.99951,   0.32622,   0.25799,  0.128396
  -0.80948,  -0.74748,  -0.30191,   0.48554,  0.158463
  -0.87950,   0.61363,  -0.40104,   0.29268,  0.162856
   1.83358,  -1.72690,  -0.19990,  -0.15668,  0.063743
   0.32473,   0.83893,   0.18333,  -0.08886,  0.194028
   1.11925,   0.57978,   0.20036,  -0.04041,  0.138049
  -1.93994,  -1.55081,  -0.41634,  -0.21111,  0.064827
  -0.69543,   1.99362,   0.18943,  -0.03092,  0.078484
  -1.24785,  -0.76062,  -0.05174,  -0.21801,  0.118150
   0.56750,  -1.05854,   0.15742,  -0.33763,  0.145110
   1.63664,  -1.73984,  -0.04197,  -0.16780,  0.067915
   1.71667,   0.38610,  -0.31891,  -0.03118,  0.096509
   1.25622,  -1.66321,  -0.23354,   0.58207,  0.079666
  -1.96745,  -1.16784,   0.69632,   0.17639,  0.071464
  -1.45723,   0.48377,  -0.41059,   0.09853,  0.112042
  -1.78232,   0.66548,   0.27328,  -0.39647,  0.088418
  -0.14343,   1.66481,  -0.55654,   0.30984,  0.102180
   1.83006,  -0.48294,  -0.54296,   0.05311,  0.088935
   0.83311,   1.31368,  -0.23319,   0.11735,  0.110475
  -0.16308,   1.45376,   0.32289,   0.24966,  0.118021
  -0.99343,  -0.34085,   0.10573,  -0.41112,  0.166312
   0.78988,   0.40705,  -0.36100,   0.28068,  0.196392
   1.33178,  -0.95685,  -0.25863,   0.13271,  0.104308
  -1.72400,  -0.57959,  -0.42301,  -0.51946,  0.093008
   0.61100,   0.88934,   0.14756,   0.18022,  0.161851
  -1.27771,   1.63150,  -0.16766,   0.57468,  0.080199
   0.95151,   1.52080,  -0.07914,  -0.58844,  0.094452
  -1.96183,  -1.22452,  -0.27593,   0.01033,  0.070567
   1.21856,  -0.15674,  -0.41450,   0.22663,  0.141761
   1.62784,   0.12888,   0.05446,  -0.32837,  0.104792
  -1.95822,  -1.95568,   0.28383,  -0.00857,  0.056856
  -1.88573,  -0.78611,  -0.25926,   0.01009,  0.081521
   0.73458,  -1.60953,   0.16082,   0.05032,  0.095922
   0.29659,  -1.45535,   0.23451,  -0.18502,  0.116118
  -1.54766,   1.63587,  -0.14099,  -0.09369,  0.072808
  -1.60558,  -1.17805,   0.51032,  -0.58637,  0.083946
   0.17397,  -1.39110,  -0.22995,   0.24893,  0.123487
   0.19024,   1.92086,   0.32922,  -0.08482,  0.086979
   1.82780,  -1.52506,   0.56436,  -0.28187,  0.068192
  -0.33446,  -0.03867,  -0.72161,  -0.07069,  0.536255
  -1.80224,   1.77450,  -0.14038,   0.12674,  0.063427
  -1.17785,  -0.68239,   0.05735,  -0.26491,  0.127389
  -1.29790,  -1.55455,  -0.02552,   0.02408,  0.082348
  -1.54760,  -1.98815,   0.15606,  -0.08338,  0.063722
  -0.94920,  -1.17725,   0.12630,  -0.13515,  0.113895
  -1.45901,   0.34123,  -0.07442,  -0.07280,  0.115029
  -1.38738,  -0.35978,   0.11182,  -0.04006,  0.120623
   0.13461,  -0.60218,   0.10503,   0.32827,  0.280517
   1.94001,   1.28021,   0.12705,  -0.30285,  0.070147
   0.61506,  -0.19856,  -0.36146,   0.49438,  0.268055
  -0.05558,  -0.71403,   0.59045,  -0.10952,  0.242510
  -1.44035,   0.80180,   0.05763,  -0.04111,  0.103711
   0.71936,   1.45375,   0.34362,  -0.00611,  0.105566
  -1.78174,   1.24246,   0.03876,   0.35304,  0.075944
  -0.23863,   0.26259,   0.07395,   0.21765,  0.503128
   1.48494,   1.84426,  -0.02810,  -0.21572,  0.068626
   0.06332,   0.61964,   0.66404,   0.40902,  0.277932
   1.64078,   1.21515,   0.10507,   0.33235,  0.081579
   1.53140,   1.03260,   0.27305,  -0.35416,  0.091417
   0.19283,  -1.59448,   0.08770,  -0.21820,  0.106706
   0.73932,  -1.84520,   0.16740,   0.18028,  0.084120
  -0.79109,   0.37679,  -0.26340,   0.25428,  0.199117
  -0.49835,  -1.07410,   0.38957,  -0.09766,  0.147248
  -1.19962,   0.64569,   0.03542,  -0.18635,  0.127280
   1.44532,  -1.89138,  -0.09212,   0.06750,  0.068195
   1.37882,   0.23967,  -0.13613,  -0.52495,  0.123715
   1.46184,  -0.17292,  -0.30697,   0.13169,  0.117236
   0.29364,  -0.39150,   0.50467,   0.40972,  0.353676
  -1.65049,  -1.76901,   0.39464,   0.05092,  0.066889
  -0.72004,  -1.44114,   0.03972,  -0.11381,  0.106352
  -0.77128,  -1.95097,  -0.03743,   0.55477,  0.079070
  -0.25008,   0.22246,  -0.10918,   0.74042,  0.540200
  -0.62052,   1.69956,   0.35363,   0.05547,  0.093556
  -1.89746,  -0.29623,   0.32747,  -0.14177,  0.087483
   1.60773,  -1.50687,   0.06027,  -0.29777,  0.074686
   1.34721,   0.79627,  -0.15388,   0.35877,  0.109760
   1.63977,  -0.35550,   0.32503,  -0.14327,  0.101719
  -0.62454,  -1.22466,   0.22249,   0.42195,  0.126074
   0.96778,   1.41903,  -0.01656,  -0.09439,  0.099124
   1.28852,  -0.21243,   0.13101,  -0.67240,  0.133055
  -0.81489,  -1.79771,   0.32577,  -0.31512,  0.084802
   1.31363,  -1.71129,   0.32512,  -0.12246,  0.076551
   0.18360,   0.31588,   0.39232,  -0.58698,  0.486011
   1.69797,  -1.42404,   0.00719,  -0.09442,  0.074191
   1.49352,   0.51921,   0.22649,  -0.20063,  0.108535
   0.26253,  -0.86042,   0.22600,   0.17830,  0.194028
  -0.28035,   1.10926,   0.56865,   0.11067,  0.152507
   1.55602,   0.32694,  -0.19414,   0.28732,  0.107883
  -1.95342,  -1.44979,   0.70480,  -0.34610,  0.066455
   0.59330,   1.00751,   0.20870,  -0.34763,  0.149166
  -1.62013,   0.84664,  -0.26842,   0.17980,  0.092484
   1.10842,  -0.35488,   0.00821,  -0.23859,  0.149870
  -1.37662,   0.08369,   0.13435,   0.01694,  0.125645
   0.54886,  -1.90981,  -0.07740,   0.36665,  0.084153
  -1.98940,  -1.37673,   0.46633,   0.28024,  0.066892
  -1.11047,   1.78767,   0.35172,   0.21673,  0.078784
   0.56323,   1.70480,  -0.25102,  -0.08499,  0.094364
  -1.13117,   0.57566,  -0.05638,  -0.29368,  0.137065
   1.44644,   1.00503,  -0.17011,  -0.42723,  0.096401
  -0.17494,   0.40801,  -0.05028,   0.28546,  0.391492
  -1.67744,  -0.97192,  -0.25340,  -0.17317,  0.086551
   0.30566,   0.65801,   0.09212,  -0.66341,  0.239465
   1.34227,  -1.26352,   0.03507,  -0.27668,  0.091618
  -1.99065,  -0.14739,  -0.36347,   0.23173,  0.083721
   0.58264,  -0.24164,  -0.48195,   0.37122,  0.274524
  -1.42958,  -0.26306,  -0.22687,  -0.05951,  0.118828
   1.24363,  -0.65292,  -0.22702,   0.40663,  0.123238
  -0.74525,   1.79426,  -0.27385,  -0.32622,  0.086338
  -1.30664,   0.44454,  -0.70316,   0.09395,  0.125546
  -1.99597,   1.37885,  -0.27673,   0.29088,  0.066675
  -0.67765,   0.37342,  -0.18436,   0.22328,  0.224912
   0.40500,   1.23943,  -0.14720,  -0.19254,  0.133267
  -0.26052,   1.62408,   0.39779,   0.06027,  0.103963
   1.84661,  -0.69140,  -0.12451,  -0.08051,  0.084899
   0.65072,   1.69376,  -0.07466,   0.08197,  0.093258
   0.06620,   0.64540,  -0.01513,   0.32903,  0.267057
   1.49397,  -0.67357,  -0.23578,  -0.37799,  0.104383
  -0.76356,   1.89521,  -0.43664,   0.31224,  0.081511
  -1.88238,  -0.84442,   0.26910,  -0.26878,  0.080610
  -0.34921,   1.32170,  -0.22435,   0.16817,  0.126819
   0.43890,   0.53611,  -0.07936,  -0.51179,  0.250466
  -0.84906,  -0.28526,  -0.28884,   0.44593,  0.194856
  -1.82353,   0.14496,  -0.64032,  -0.08386,  0.092412
   0.34318,   1.04637,   0.44147,  -0.22560,  0.158551
  -0.33834,   1.63110,   0.33362,  -0.31337,  0.102528
  -0.05291,   1.64819,  -0.03927,  -0.27511,  0.103673
   0.53302,   1.74616,   0.55764,  -0.12750,  0.092615
   1.51376,  -0.62219,  -0.09315,  -0.12038,  0.104533
   1.91277,  -0.65993,  -0.17268,   0.03804,  0.082429
   0.96730,  -0.88376,  -0.44025,  -0.15098,  0.132597
   0.49019,   1.74447,   0.18002,   0.24567,  0.093398
  -0.59029,  -1.11768,   0.11935,  -0.28846,  0.137654
   1.63432,  -0.39932,   0.32862,  -0.34009,  0.101417
  -0.67870,   0.63416,   0.13414,   0.13636,  0.187985
   0.07035,   1.10109,  -0.01385,   0.13542,  0.158242
  -1.84211,  -0.99692,   0.01930,  -0.44213,  0.079215
  -0.37891,   1.95411,  -0.30408,   0.13287,  0.083989
  -1.90956,   0.19290,  -0.08028,  -0.22460,  0.087544
  -1.10236,   0.39314,  -0.09984,   0.09082,  0.149016
  -1.91727,   1.42313,  -0.16078,   0.09576,  0.067946
   1.90503,  -1.88329,   0.26943,  -0.21580,  0.059166
  -1.92447,  -1.35439,  -0.10731,  -0.05635,  0.069127
   0.74116,  -0.28407,   0.01456,  -0.27621,  0.219378
  -0.69209,   0.20391,  -0.29864,   0.46130,  0.240767
   0.50578,   1.15573,   0.12629,  -0.38404,  0.137929
  -0.06133,   0.78273,   0.19086,   0.19743,  0.221724
   1.52619,   0.35444,  -0.24321,   0.09616,  0.109618
  -1.62892,   1.87128,  -0.29566,  -0.25534,  0.064911
  -0.75366,   0.03879,  -0.35901,  -0.20270,  0.230452
   1.45191,   0.38485,   0.27484,  -0.59681,  0.114727
  -0.44109,  -0.18010,  -0.02342,  -0.68325,  0.363575
  -0.66263,  -1.42281,  -0.09226,  -0.64484,  0.109410
   0.96570,   0.44426,   0.57690,  -0.09463,  0.164311
  -0.27150,   1.98601,   0.35478,   0.13506,  0.083320
  -0.78471,  -0.13569,  -0.41939,  -0.01577,  0.218671
  -1.40587,   1.52840,   0.26305,  -0.06885,  0.080004
   1.97928,   1.09785,  -0.48888,  -0.32621,  0.072378
  -0.39210,   0.88365,   0.18875,   0.35598,  0.180681
  -1.76865,  -1.29559,  -0.19805,  -0.31283,  0.075127
  -1.83616,   0.75552,   0.18381,   0.16775,  0.084230
  -0.80473,  -0.37621,  -0.27498,  -0.50810,  0.196451
  -0.18160,   1.22736,   0.48203,   0.41602,  0.140330
  -0.80368,  -1.22755,  -0.18038,   0.40640,  0.117647
  -0.02488,   1.87766,   0.29285,   0.03498,  0.089731
  -0.46384,   1.24176,   0.06029,   0.17992,  0.130993
  -1.52242,  -1.77631,  -0.05275,  -0.22667,  0.069611
   0.33369,  -1.19910,  -0.17601,  -0.25390,  0.139869
  -1.53966,   1.11901,  -0.09594,   0.45079,  0.088373
  -1.82460,   0.47842,  -0.31587,   0.22614,  0.089277
  -0.20737,  -1.74866,  -0.19415,  -0.10071,  0.096426
  -0.18976,   0.57060,   0.31681,   0.15484,  0.287190
   0.18626,   1.05901,  -0.14442,  -0.29039,  0.162419
  -1.94139,  -0.46379,   0.39775,  -0.18692,  0.083724
   0.81645,   1.95324,  -0.05020,   0.19718,  0.078245
   1.43641,  -1.35747,   0.22407,   0.76307,  0.084676
  -0.78821,   0.61656,  -0.71990,  -0.09190,  0.174568
   0.00617,  -0.87963,   0.19631,  -0.26422,  0.198357
  -0.22139,  -0.48584,   0.23821,   0.21182,  0.323785
  -0.27666,   0.18853,  -0.08369,   0.30402,  0.540019
  -0.47257,   0.18427,  -0.17548,  -0.10432,  0.340977
   0.73077,  -0.04664,  -0.08796,   0.48031,  0.237323
   0.29328,   0.88177,   0.60593,   0.14497,  0.187906
  -1.59893,  -1.82838,  -0.11010,  -0.04902,  0.066577
   1.39847,  -1.78153,   0.11239,   0.08516,  0.072322
   1.32092,  -1.92343,  -0.20793,  -0.25351,  0.069828
   0.43209,  -0.49784,  -0.18805,   0.10102,  0.262934
   0.84122,   1.41890,  -0.15313,   0.03855,  0.103639
   1.16962,   1.51710,   0.27383,   0.09200,  0.087733
  -0.45888,   1.75479,  -0.06369,   0.25207,  0.093296
   0.86548,  -1.13436,   0.08987,  -0.33381,  0.121203
  -1.76489,   0.29321,   0.22185,  -0.36599,  0.094738
  -1.59737,   1.42784,   0.33972,   0.11847,  0.077167
  -1.47971,  -0.39415,  -0.15378,   0.54523,  0.112368
   0.80896,  -0.68321,  -0.48978,   0.22675,  0.164957
  -1.33346,  -1.81534,   0.41524,  -0.06626,  0.072790
   1.00416,   0.95796,  -0.34594,  -0.02173,  0.124817
  -1.67913,  -0.22728,   0.22352,   0.70778,  0.100623
   0.22430,   0.75656,  -0.30353,  -0.04430,  0.220632
   0.75886,   1.04541,  -0.01695,  -0.31316,  0.134572
  -0.52640,   1.55784,   0.06908,   0.26918,  0.103995
   1.17571,   0.50196,  -0.35278,  -0.54053,  0.136043
   1.94930,   0.97838,   0.19239,  -0.11871,  0.075584
  -1.59151,  -0.23501,  -0.01737,   0.08107,  0.106513
   1.88949,  -1.01590,   0.57587,  -0.18048,  0.077051
  -0.70344,   1.38598,   0.25893,   0.29334,  0.110575
  -0.41804,  -0.67804,   0.10991,  -0.14370,  0.218617
   1.62981,   0.07790,  -0.40645,  -0.19768,  0.104881
  -0.62840,  -1.41627,   0.59465,   0.22347,  0.110950
  -1.10637,  -1.50154,   0.02789,  -0.40562,  0.090419
  -0.87814,  -0.79846,  -0.23225,  -0.37001,  0.146893
   1.46575,  -0.46153,   0.32755,  -0.12218,  0.111943
   1.17066,  -1.25384,  -0.13004,   0.71832,  0.099268
   0.22172,   0.89050,  -0.10388,   0.68198,  0.190250
  -1.69777,   1.19591,  -0.49610,   0.60111,  0.080003
   1.60568,   1.33126,  -0.47875,  -0.14508,  0.079601
  -0.74793,  -1.78891,  -0.25831,   0.00719,  0.086536
   1.03628,  -0.80369,   0.11533,   0.13709,  0.132473
   0.81487,  -1.53551,  -0.16392,   0.05304,  0.097818
  -0.66525,   1.72336,   0.32394,  -0.10447,  0.091401
   0.10394,   1.37069,  -0.13769,   0.14960,  0.126082
  -1.45106,   0.64883,   0.06056,  -0.19817,  0.107919
  -1.45534,   1.64661,   0.36724,  -0.03686,  0.074922
   1.55029,  -1.90021,  -0.09971,   0.33828,  0.065817
  -1.75898,  -1.63192,  -0.00948,  -0.40916,  0.067553
   1.75878,   1.93648,   0.37578,  -0.20656,  0.060896
  -0.72346,   0.05503,  -0.45370,  -0.07819,  0.239460
  -0.75621,   1.25560,  -0.05854,   0.14643,  0.117775
  -1.87565,   0.17764,   0.41993,  -0.29796,  0.089397
  -1.83949,   1.87405,   0.03175,   0.38220,  0.060615
  -0.14564,   1.13795,  -0.01401,  -0.14105,  0.152087
   1.29248,  -1.73770,   0.26703,  -0.35141,  0.076209
  -1.27790,   1.12713,   0.48105,   0.34743,  0.100004
   0.57049,   1.69664,   0.35289,  -0.45809,  0.094684
   1.38183,  -1.24192,  -0.41437,  -0.23680,  0.090815
  -1.34964,   0.11312,  -0.07609,   0.48706,  0.128069
   1.78268,   0.67259,   0.13680,   0.21633,  0.088269
  -1.08989,   0.21593,  -0.36257,   0.20200,  0.157123
   0.93261,   0.38328,  -0.12925,   0.12929,  0.173256
   0.08178,  -1.13961,   0.11243,  -0.27172,  0.152724
  -1.71349,   1.28964,   0.53101,   0.43174,  0.077080
  -0.08457,   0.52970,   0.43929,   0.23096,  0.322266
   0.77613,  -0.71865,   0.12460,  -0.26221,  0.165132
   0.27576,  -1.55387,   0.17651,   0.32451,  0.108763
   1.27055,  -0.53497,   0.15376,   0.36976,  0.125701
  -1.25280,  -1.53414,  -0.60536,   0.39428,  0.084465
   1.31163,   1.80505,   0.09982,  -0.02242,  0.073600
  -1.92833,   0.40952,  -0.10022,  -0.21136,  0.084922
  -0.05062,  -1.77137,   0.07194,  -0.29385,  0.095750
   1.33778,  -0.54467,  -0.47838,   0.36075,  0.119632
  -1.76732,   0.22387,   0.55988,   0.08383,  0.095190
  -1.23576,  -1.84883,  -0.21660,   0.32031,  0.073890
  -1.04345,   0.79557,  -0.41584,  -0.20937,  0.132395
  -0.15251,   0.82011,   0.53888,  -0.11865,  0.208970
   0.87702,  -1.71979,   0.35655,  -0.08604,  0.086967
  -0.58919,   0.76862,  -0.35792,  -0.24153,  0.180360
   1.21537,   0.62773,   0.02021,   0.08970,  0.126736
   1.79935,   0.11807,  -0.13569,  -0.04438,  0.093908
  -1.10059,   0.92586,  -0.07943,   0.45201,  0.120180
   0.82026,  -1.67119,   0.09307,   0.19087,  0.090610
  -0.10219,  -0.44349,   0.00467,  -0.17014,  0.381350
   0.49367,   0.27054,  -0.28722,  -0.31786,  0.307107
   1.86050,  -0.71886,   0.47863,   0.32079,  0.083795
  -0.12332,   0.39171,   0.52053,   0.18819,  0.425792
  -0.19457,   0.90931,   0.25003,  -0.03095,  0.187779
   0.96610,   0.89650,   0.20694,  -0.38417,  0.131782
   1.69532,   1.58631,   0.30475,   0.58890,  0.070240
  -0.31924,   1.30162,   0.18337,   0.71976,  0.129493
  -1.91470,   0.57416,  -0.01396,  -0.58285,  0.083585
   1.26881,   0.80821,   0.15023,  -0.11194,  0.114537
   0.12816,  -0.76417,  -0.20623,   0.17838,  0.224597
   0.18824,  -1.24809,   0.28558,  -0.73228,  0.137855
   1.66658,  -1.64510,  -0.05336,  -0.56757,  0.069530
   1.38108,   0.06853,  -0.52028,   0.02061,  0.125298
  -1.68686,   0.19578,  -0.49950,   0.08202,  0.100379
   1.66191,  -0.59023,   0.17013,   0.20050,  0.096263
   0.36518,  -1.07618,  -0.14664,  -0.15112,  0.153559
   1.40481,  -1.57758,   0.40653,   0.32429,  0.078443
  -0.88282,  -1.85035,  -0.16453,   0.01001,  0.081195
   0.27629,   0.15595,  -0.26813,  -0.61882,  0.578219
  -0.86263,   0.52871,  -0.17993,  -0.05474,  0.172662
  -0.40243,  -0.89669,   0.20303,   0.08728,  0.177732
   0.00904,  -1.12506,   0.25357,   0.08133,  0.155136
   1.13828,   0.62217,   0.16136,  -0.27996,  0.133986
   0.97045,  -1.50213,   0.15649,   0.05656,  0.094781
  -1.04802,  -1.26282,  -0.08591,  -0.10505,  0.104225
   1.49531,  -1.21219,   0.06289,   0.21045,  0.087252
  -1.97082,   0.09300,  -0.32360,   0.42493,  0.084839
  -1.73182,   0.98217,  -0.00093,  -0.16961,  0.083968
  -0.04469,   0.64272,   0.48180,  -0.49470,  0.268888
   0.46277,  -0.84797,   0.05084,  -0.11599,  0.180813
   0.86715,   0.75410,  -0.04539,  -0.42011,  0.151824
  -1.75229,   1.98327,  -0.53390,  -0.11083,  0.060045
   1.00337,   1.91540,   0.68029,   0.28797,  0.076347
   1.38073,  -1.01534,  -0.21937,  -0.09780,  0.099365
  -0.44471,  -0.99729,   0.02689,  -0.53368,  0.159912
  -1.95619,  -1.83238,   0.08969,   0.35524,  0.059124
   0.78051,  -1.10983,   0.06237,   0.07957,  0.127828
   0.63979,  -0.09518,  -0.48450,   0.48471,  0.267847
  -0.07165,  -1.58035,   0.43415,  -0.01584,  0.108477
   0.38044,   1.19633,  -0.14556,   0.42134,  0.138635
  -0.60795,  -0.68346,  -0.29502,  -0.31002,  0.190857
  -1.30549,   1.81566,  -0.10447,   0.45131,  0.073408
   0.32947,   1.59019,  -0.03035,  -0.32133,  0.105425
   0.31658,  -1.52565,   0.11987,   0.17151,  0.110277
   1.23088,  -1.52686,  -0.11461,   0.22220,  0.085421
   0.61968,   0.11180,   0.09202,  -0.51096,  0.274983
  -1.22626,   0.28336,  -0.39683,   0.16092,  0.138268
  -0.33079,  -0.66383,   0.07420,  -0.35070,  0.234381
   1.24678,  -1.20915,   0.02983,   0.59349,  0.097913
  -0.40701,  -0.36753,  -0.07407,  -0.09853,  0.315220
  -1.49058,  -0.54040,   0.08625,  -0.19660,  0.108214
  -1.34239,   0.84786,   0.21850,   0.23997,  0.108050
   1.93251,   0.81464,  -0.45567,  -0.53086,  0.079101
  -0.58805,  -0.02974,  -0.30840,   0.08400,  0.293741
  -0.39496,   0.08187,  -0.38362,   0.30829,  0.434293
   0.72610,   1.64407,  -0.12848,  -0.08884,  0.094255
  -1.42984,  -0.01843,  -0.22465,   0.01989,  0.120920
  -1.57666,  -1.70901,  -0.00337,  -0.38971,  0.070116
   0.45729,   0.23288,  -0.03445,  -0.72019,  0.336969
  -0.38715,   0.81345,  -0.69309,  -0.12217,  0.193751
  -1.61992,   1.86910,  -0.20212,  -0.07266,  0.065149
  -0.67202,  -1.96410,  -0.12610,   0.14130,  0.080038
  -0.86812,  -0.35805,  -0.30262,   0.16775,  0.185964
   1.13613,   0.91656,   0.02498,  -0.31539,  0.118292
   1.80220,   0.19335,   0.02826,  -0.31099,  0.093369
  -0.05322,   0.02048,   0.60417,  -0.38480, -0.630783
  -0.73632,  -1.16924,  -0.48712,  -0.16150,  0.125394
   1.84267,  -0.01967,  -0.52652,  -0.22275,  0.091653
   0.04215,   1.54208,  -0.22058,   0.28059,  0.111476
   1.88439,  -1.80401,   0.01227,  -0.04135,  0.061101
   0.58958,   0.81651,   0.27905,   0.21302,  0.173458
  -1.46280,  -1.89485,  -0.11185,   0.12134,  0.067742
   0.05455,   1.02344,   0.36812,  -0.12408,  0.170448
  -0.81074,  -1.06303,   0.30551,   0.37662,  0.129827
   0.16643,   1.92562,   0.09280,   0.08624,  0.086850
  -0.92852,   1.15945,  -0.02558,   0.44961,  0.116105
   0.56643,  -0.31360,  -0.06530,   0.62597,  0.267597
   0.53316,  -0.28943,  -0.28912,   0.38887,  0.285265
  -0.46086,  -1.42840,   0.23104,  -0.13242,  0.114820
   1.31285,  -1.38588,  -0.05953,  -0.17666,  0.088078
  -0.57678,   1.68649,   0.22808,   0.01697,  0.095134
   1.86734,   1.38014,  -0.16754,  -0.32589,  0.070230
  -0.35719,   1.56366,   0.04821,   0.38580,  0.106862
  -0.18685,   1.25059,   0.08250,  -0.27804,  0.137599
  -1.64564,  -0.06833,  -0.00243,  -0.32910,  0.103809
  -0.52404,  -1.01034,  -0.01628,   0.28799,  0.153324
   0.14231,  -1.03971,   0.12083,   0.11929,  0.166452
  -1.75597,  -1.47535,   0.03018,  -0.17586,  0.071261
   0.59254,   1.38060,  -0.04023,   0.25093,  0.114699
   0.49297,   1.89684,   0.65468,  -0.24290,  0.085489
   0.38823,  -0.36290,   0.15930,   0.36596,  0.325299
   1.10382,   1.19290,  -0.14845,  -0.01517,  0.105335
  -1.86811,  -1.64242,  -0.33215,   0.00434,  0.064708
  -0.60981,  -0.38145,   0.00512,  -0.65298,  0.241491
   0.21730,   1.02177,   0.33088,   0.09712,  0.167218
  -0.91669,   1.10057,   0.38029,   0.23289,  0.120707
  -0.19279,   0.48550,   0.51688,   0.46259,  0.330970
   1.19789,   0.64422,   0.05765,  -0.38947,  0.127499
   0.23233,   0.57187,   0.54342,  -0.05386,  0.280418
   0.14206,   1.11884,   0.31054,   0.19349,  0.154754
  -1.79722,   1.73122,   0.41816,   0.07605,  0.064460
  -1.33316,   0.81584,  -0.18267,  -0.39556,  0.109908
  -0.24761,   1.61482,  -0.10014,  -0.22543,  0.104739
  -0.12442,  -0.75038,   0.08338,   0.22521,  0.228691
   0.92397,   0.17036,  -0.17028,  -0.16397,  0.185870
   1.99654,   1.59878,  -0.31565,   0.16057,  0.062575
  -0.76605,   1.24528,   0.26375,   0.01781,  0.118094
  -1.33472,   0.85917,   0.02420,   0.45079,  0.108079
  -1.43454,   0.08802,  -0.03152,   0.13853,  0.120268
  -1.81945,  -0.77989,  -0.23923,   0.45924,  0.084520
   0.20116,  -1.59782,  -0.12644,   0.64253,  0.106392
   1.33777,   1.77139,  -0.17075,   0.14208,  0.074046
  -1.88464,  -0.47821,  -0.26681,  -0.23599,  0.086263
  -0.98295,  -0.51136,   0.04290,  -0.43570,  0.157565
   1.90198,  -1.02620,  -0.49877,  -0.04304,  0.076394
  -1.95898,  -1.74866,  -0.08759,   0.14723,  0.060617
   0.77750,   1.16781,   0.35983,   0.52309,  0.123392
  -1.96777,  -1.17382,   0.06379,  -0.01425,  0.071342
   0.22541,  -1.79039,  -0.31497,  -0.50191,  0.093833
  -1.56584,   1.69945,  -0.05644,   0.72357,  0.070631
  -1.75887,  -1.20242,   0.17460,  -0.39937,  0.077668
  -1.12214,   0.91456,  -0.49875,   0.20548,  0.119350
   0.91937,  -1.14440,  -0.67653,   0.11488,  0.117585
   1.75485,   1.39401,  -0.34039,   0.25766,  0.073221
   1.94620,  -1.81321,   0.12769,   0.04360,  0.059676
   1.35249,  -0.76919,  -0.55491,  -0.31164,  0.110448
  -0.83019,  -1.21229,   0.12540,  -0.03779,  0.117469
   1.57454,   1.63437,  -0.01152,  -0.28985,  0.072151
   0.84258,   1.90965,   0.32933,  -0.23063,  0.079535
  -1.50504,  -1.48617,   0.20712,  -0.21921,  0.078325
