x-position,y-position,real part of ef,imaginary part of ef
  -1.22147,   1.91677,   0.16753,  -0.46376
  -0.88640,  -0.49426,  -0.10425,  -0.44389
   1.94556,  -0.72175,   0.26899,  -0.36584
   0.76161,  -1.30025,   0.10361,   0.17132
  -1.78010,  -1.03376,  -0.12615,  -0.32447
  -0.70798,   1.63771,  -0.32356,  -0.15618
   1.17408,  -0.00057,  -0.00834,  -0.08844
   0.66159,   0.20952,  -0.41950,   0.52227
  -0.02138,   1.78518,   0.23076,  -0.23502
  -1.16052,  -0.22600,  -0.11742,   0.09202
   1.55674,  -0.45960,  -0.47415,   0.12754
  -0.24669,   1.01673,  -0.27410,   0.29876
   1.73975,  -0.28208,   0.06369,  -0.12254
   0.24621,   1.06607,  -0.02341,   0.50839
   0.25732,   1.25706,   0.12577,  -0.22831
   0.40354,   0.57196,  -0.12875,  -0.09033
   1.17553,   1.88934,  -0.01001,  -0.28473
  -0.42965,  -0.84774,   0.35322,  -0.11892
   1.32195,  -0.52905,  -0.04051,   0.00023
   1.33475,  -0.28604,   0.32998,  -0.05452
   0.07376,   1.16248,  -0.05486,   0.37837
  -1.68026,   0.38807,   0.22688,   0.16634
   0.76596,  -0.83623,   0.33983,  -0.00909
  -1.50326,   1.80422,  -0.38674,  -0.12023
   1.89740,   0.36791,  -0.15002,   0.22676
  -0.51646,   1.99534,  -0.24780,  -0.05764
   1.55610,  -1.50198,   0.22894,  -0.09531
   0.43849,   0.50108,   0.15405,   0.41977
   0.37382,   0.17715,  -0.19790,  -0.63349
   1.62642,  -1.71725,   0.08627,   0.05351
   0.20790,  -1.31430,   0.18444,   0.06196
   0.74237,   0.37238,   0.51915,   0.02216
  -0.79319,  -1.34618,  -0.05073,  -0.24884
   0.68730,   1.14167,  -0.00187,  -0.68865
   1.35372,   0.67396,   0.34494,   0.34218
   1.07684,  -0.16081,  -0.55265,  -0.00991
   1.92499,   1.26329,   0.16574,  -0.35943
  -0.06436,  -1.84040,  -0.02321,  -0.28202
   0.89766,  -0.51462,  -0.57568,   0.04065
   1.71967,  -1.26030,   0.21304,   0.19888
   0.98207,   1.45176,   0.03074,   0.01651
  -0.22275,   0.18945,   0.29610,   0.57853
   0.09776,   0.61871,   0.54089,  -0.15597
   1.48892,  -0.46458,   0.30550,  -0.45412
  -1.10168,  -0.67022,  -0.01259,   0.12132
   0.26592,  -0.02940,  -0.55714,   0.02522
  -1.20842,  -0.74359,  -0.04661,  -0.05951
   0.62825,  -1.85109,   0.08842,   0.08958
   1.09680,   0.89018,   0.22472,  -0.07181
   1.71211,   0.24035,  -0.15163,   0.31279
  -0.46200,  -0.93434,   0.07349,  -0.46484
   0.39563,  -1.60906,   0.16130,   0.58997
  -1.50847,   0.66116,  -0.15077,   0.40809
   1.25912,   0.39448,  -0.09850,  -0.02945
  -1.23819,  -0.89490,   0.05219,  -0.34085
  -1.41663,   1.10460,  -0.36262,   0.17446
  -1.50689,  -1.76427,   0.25437,  -0.06619
  -0.57515,   1.63921,   0.23228,   0.03125
  -0.24491,   0.73894,  -0.14212,   0.16348
   1.32628,   1.33222,   0.05342,  -0.09082
  -1.58496,  -1.13822,  -0.35668,  -0.01013
   0.68582,  -1.50761,   0.18981,  -0.08461
  -1.89849,  -0.64360,   0.08955,   0.05803
  -0.37065,   1.90470,   0.16862,  -0.17738
  -0.47425,  -0.63957,   0.32057,  -0.31522
   0.21928,   0.60927,   0.15554,   0.24793
  -0.17378,   0.67245,   0.19784,   0.24974
   0.20369,  -0.57208,  -0.56151,   0.46861
   1.87976,  -0.83075,   0.51732,  -0.07936
  -0.31985,   0.65505,   0.59360,  -0.25910
  -1.19676,  -1.60918,  -0.47632,  -0.04502
   1.55808,  -0.17624,  -0.04275,  -0.65284
  -0.15023,   1.07105,   0.32469,   0.30947
  -0.63685,   0.35767,   0.65996,  -0.29569
   1.98102,   1.19199,   0.44036,   0.43957
  -0.62437,   0.12289,  -0.30719,  -0.27975
   0.46336,  -1.49273,   0.32784,  -0.02714
  -1.56836,  -1.97556,   0.18616,   0.01513
   1.85770,   1.36087,   0.08704,  -0.23615
   0.29353,  -0.62882,   0.37509,   0.07157
  -0.87651,   1.79134,   0.18612,   0.55058
   1.13462,  -1.64603,   0.31375,   0.17360
   0.71220,   0.37689,   0.07151,  -0.34812
   0.63792,  -0.80250,  -0.11774,   0.09868
   1.44422,  -0.47619,   0.34301,   0.13563
  -0.54038,   0.59646,  -0.11367,  -0.00165
  -1.91748,  -0.19824,  -0.09855,   0.27404
  -0.57121,  -1.47154,   0.17600,   0.10643
  -1.42712,   1.13656,   0.38468,   0.09913
  -1.90374,  -1.50214,   0.15286,  -0.01136
  -1.19599,  -0.81306,   0.23448,   0.07306
   1.91714,   1.07739,   0.58221,  -0.06202
   1.76248,  -0.31454,  -0.36313,   0.10653
  -1.32144,   1.51537,   0.58783,  -0.34569
  -1.83993,  -0.33471,  -0.00669,   0.38497
  -1.74372,   0.86839,   0.19504,   0.10493
  -0.56707,   1.36576,   0.06701,   0.15639
   0.95906,   1.93136,   0.07093,  -0.33903
   0.40690,   0.02073,   0.06494,   0.15547
   0.68110,   0.71892,   0.18646,   0.77572
  -1.08679,  -0.79474,   0.20482,  -0.29953
  -0.98468,  -0.68724,   0.41147,  -0.16482
   1.35136,  -0.38146,   0.16651,  -0.14466
   1.80004,  -0.44679,  -0.04833,  -0.31723
  -0.99282,  -0.11335,  -0.33804,  -0.42411
   1.24224,   1.08339,   0.24622,   0.05313
  -0.28169,  -1.77250,   0.07124,   0.38414
  -0.42020,   0.88035,  -0.01146,   0.19642
  -1.70979,  -0.94249,   0.12323,   0.26616
  -0.77826,   0.12693,   0.02638,   0.01395
   1.67621,  -1.66244,   0.37410,   0.00346
   0.21214,   1.96977,   0.26560,   0.47696
   1.64928,  -0.16978,   0.08734,  -0.01187
  -1.80781,   1.61958,  -0.29916,   0.18406
   0.90907,  -0.93955,   0.06828,  -0.08966
  -0.08063,  -1.37324,   0.50179,   0.21925
   0.98417,  -1.58201,  -0.08513,   0.65524
  -0.01919,   0.89492,   0.63524,   0.05955
  -1.49029,   0.26433,   0.23717,  -0.31279
  -1.99773,   1.13460,   0.72772,  -0.02986
  -0.72401,   1.52133,   0.21072,  -0.20366
   1.01464,  -0.55194,  -0.35170,   0.03040
  -0.02121,   1.35256,   0.12538,   0.22291
   1.13895,   0.49158,  -0.22842,  -0.38307
   1.98899,  -1.38767,   0.06399,  -0.49386
   1.42014,  -1.43360,   0.00804,   0.71216
   0.87329,  -1.67044,  -0.42743,   0.26424
  -1.91441,  -1.04503,  -0.16336,   0.02732
  -0.10409,   1.98269,   0.10223,  -0.15491
   1.33916,  -1.05037,  -0.24613,   0.66075
   0.06427,  -1.83409,  -0.56427,   0.33847
   1.36971,  -1.30824,  -0.32495,  -0.14164
   0.67271,   1.10884,   0.53729,   0.00109
  -0.67025,   1.41206,   0.03276,  -0.19906
   0.36409,   0.43277,   0.08403,   0.21610
  -0.55934,  -1.85103,   0.36741,  -0.37641
  -0.23056,  -0.23960,   0.29818,  -0.63836
   1.58548,   0.19699,  -0.44744,   0.47628
  -0.91474,   1.53507,   0.13464,  -0.06733
   0.55359,  -1.86739,   0.04765,   0.04023
   1.96075,  -1.06629,  -0.14953,   0.56812
  -1.52238,  -1.50592,   0.15010,   0.03882
   0.97925,   0.52630,  -0.25989,  -0.39728
  -1.47965,   1.76321,   0.26883,  -0.51093
   1.32355,   0.47513,  -0.22973,   0.27704
   1.99384,   1.41307,  -0.14818,  -0.13441
   1.13175,   0.06278,   0.01750,  -0.24092
   1.10769,   0.53151,   0.09082,   0.10700
   0.34116,  -0.57971,   0.02627,  -0.11320
   0.04659,  -0.51749,   0.75394,   0.04990
  -0.65714,  -1.10840,  -0.45923,  -0.57443
   0.33390,   0.41511,   0.12392,  -0.08634
   1.12964,  -1.01651,  -0.36726,   0.56135
  -1.49110,  -0.90806,   0.26661,  -0.34364
  -0.30348,   0.64931,  -0.52090,  -0.22480
  -1.93808,   1.74556,   0.11985,  -0.04903
   1.90345,   1.70729,   0.17400,   0.02349
   0.06236,  -0.60150,   0.26050,   0.31604
  -0.92617,  -0.76602,   0.08654,  -0.77747
  -1.15976,  -0.65816,  -0.10784,  -0.45806
   0.35503,  -1.97537,  -0.42553,   0.05308
   1.82130,   0.33241,  -0.48876,  -0.14313
  -0.14389,   0.78976,   0.27849,   0.66871
  -1.38572,   0.43847,   0.11723,   0.01127
   1.66825,  -0.27948,  -0.16780,  -0.21422
  -1.71886,   0.50450,  -0.14093,   0.12262
  -0.90797,   0.60869,  -0.14887,  -0.13374
  -1.95252,  -0.67682,   0.38321,   0.13973
  -1.58530,  -1.86612,   0.10880,   0.03721
   0.32118,  -0.17800,  -0.26971,   0.53622
  -1.20143,   1.32982,   0.29713,   0.04800
  -0.57241,   1.71889,  -0.16606,   0.49369
  -0.63953,   0.89846,  -0.61043,  -0.08307
   1.69315,  -1.17573,   0.03102,   0.18049
   0.22670,  -1.15122,   0.45571,   0.12614
   1.02255,  -0.08260,  -0.45364,   0.34747
  -1.67566,   1.59044,   0.18758,   0.63907
   0.59100,  -0.25137,  -0.33037,  -0.01411
   0.71319,  -0.27264,   0.13339,   0.26459
  -1.30626,   1.46619,  -0.34550,   0.29441
   1.93390,   0.10139,   0.10793,  -0.31923
  -1.08935,   0.26328,  -0.47324,  -0.44171
  -1.81743,  -0.64265,  -0.31668,  -0.08701
   0.39518,   0.38423,   0.47533,  -0.43928
  -0.68210,  -0.77171,   0.50518,  -0.30456
  -1.54520,   1.66511,  -0.05136,   0.39860
  -0.22458,   1.80260,   0.40215,   0.36995
   0.08541,  -0.18008,  -0.04467,   0.48039
  -1.64841,  -0.67621,  -0.20464,  -0.28044
  -1.26839,  -1.22543,   0.01078,  -0.39848
   0.39187,   1.31280,   0.06643,  -0.09268
   0.65176,  -0.57445,   0.38744,   0.44727
  -1.24903,  -0.81624,   0.11291,   0.25781
  -1.75841,   1.12345,   0.19279,  -0.24730
   1.52393,   1.71446,  -0.11873,  -0.30206
  -0.46832,  -0.66747,   0.43658,   0.32028
  -0.20221,   1.42029,   0.00430,  -0.56400
   0.57007,   1.57823,  -0.28291,   0.48024
  -0.48114,   0.99070,   0.30333,   0.10419
   1.98230,  -1.74497,  -0.08202,  -0.00010
   0.77266,  -0.13744,  -0.04260,  -0.17103
   1.22822,   1.84960,   0.15511,   0.10299
  -0.91758,  -0.88276,   0.70597,  -0.13265
   0.82425,   1.28982,  -0.14007,  -0.24080
   1.34012,   1.81122,   0.26133,   0.12096
  -0.35663,   1.45286,   0.20928,  -0.45729
  -0.14912,  -0.70243,   0.10094,  -0.49196
  -1.28454,  -1.50951,   0.11938,   0.07109
   0.36431,  -0.51148,  -0.04988,   0.01703
   1.09402,  -0.04110,  -0.58214,   0.04136
  -1.72799,  -0.50392,   0.34672,   0.28396
   0.09232,   1.61166,   0.38496,  -0.07881
   0.11765,   1.20353,  -0.09357,  -0.02033
  -1.35807,  -0.56588,  -0.09144,  -0.36890
  -0.05673,   1.71082,   0.02133,  -0.09662
  -1.58344,   0.59442,  -0.47042,   0.09545
  -1.37877,   1.06580,  -0.59302,   0.05124
  -0.10285,   1.03538,  -0.14604,  -0.13822
   0.90248,  -0.31392,  -0.11614,  -0.27777
  -0.40247,   0.20775,   0.13051,  -0.59954
  -0.94775,  -1.38580,   0.41632,  -0.29645
  -1.95067,  -0.30930,   0.01936,   0.30706
   1.91553,  -1.00969,   0.46116,   0.37770
   1.02067,   1.33139,   0.51930,  -0.59153
   1.99123,   0.28740,  -0.15958,   0.25479
   0.17537,  -0.22422,   0.51940,   0.19490
   0.75589,  -0.65233,  -0.30937,   0.08707
  -0.31243,   1.52993,   0.27724,  -0.38643
   1.18909,   0.76882,  -0.28439,  -0.01491
  -1.51379,  -1.82868,  -0.05702,   0.09732
   1.87711,  -0.21484,   0.10898,  -0.19933
   0.30809,   0.32280,  -0.34474,  -0.38250
  -0.03502,   1.78889,  -0.04183,  -0.34354
  -0.72691,   1.38066,   0.18922,  -0.30118
   0.65506,  -1.37118,   0.65098,   0.07520
   0.03005,   1.09320,  -0.06687,   0.09894
   1.74656,  -1.87259,  -0.14847,   0.24930
   0.33161,   1.21630,  -0.37045,  -0.21711
   1.86293,  -0.71933,   0.12037,   0.12082
  -0.12004,  -1.89630,   0.35491,  -0.13689
  -0.38153,   1.27659,  -0.31161,   0.13149
   1.35671,  -1.59808,   0.63650,  -0.01769
   1.04890,  -0.26197,  -0.71644,   0.12873
   0.95873,   0.90056,  -0.57688,  -0.51480
   1.23350,   1.75560,   0.38907,   0.20144
  -0.06437,  -0.28519,   0.56619,  -0.29546
   0.20386,  -1.68065,   0.41975,   0.07463
  -0.87200,  -0.27295,  -0.05900,  -0.23271
   0.86839,  -0.62099,   0.23941,   0.27559
   0.13394,   0.31256,   0.06060,   0.03297
  -1.51288,   1.16866,   0.09989,   0.41422
  -0.96706,  -1.58013,  -0.06691,   0.12778
   1.64153,  -1.37889,   0.28724,   0.16110
  -1.97488,  -1.08732,  -0.00984,  -0.06755
   0.54293,   1.35917,  -0.23623,  -0.16144
  -0.29630,  -0.44518,   0.16225,   0.11250
   1.01455,  -0.39940,  -0.29751,  -0.04988
  -1.05962,  -1.74357,  -0.08384,  -0.12111
  -1.45564,  -1.13529,   0.22917,   0.15304
  -0.31753,   0.62146,  -0.46717,   0.26556
  -1.61551,  -1.67382,   0.36153,   0.45787
  -1.53419,  -0.42631,  -0.62136,   0.18998
   0.89515,  -0.38858,  -0.59172,  -0.45674
  -1.90660,  -1.32555,  -0.09032,  -0.04391
   0.78576,   0.66555,  -0.33295,  -0.22124
   1.32834,  -0.47349,  -0.18660,   0.07157
   0.94937,   0.85161,   0.17885,  -0.39930
   1.90388,   0.07096,  -0.26267,   0.50478
  -1.45859,  -0.98606,  -0.09962,   0.19901
   0.73165,   1.70059,   0.64560,  -0.27067
   0.35057,   0.77890,  -0.34707,  -0.07431
   1.41975,   1.98089,   0.16110,  -0.20673
   0.10904,  -0.59676,   0.47429,   0.29941
   1.07140,   0.70038,   0.23800,  -0.09638
   1.40881,  -1.74722,  -0.31269,   0.17854
   1.95829,  -1.73879,  -0.29786,   0.21967
  -1.33356,  -1.10079,  -0.43454,  -0.44277
   1.99495,   1.35031,   0.16947,  -0.04842
   0.95283,  -0.88780,   0.30500,   0.48073
  -1.78934,   1.95493,  -0.04695,  -0.24971
   0.52112,  -1.17908,  -0.50108,  -0.04126
   0.23891,  -1.58654,  -0.22085,   0.24244
  -1.51797,   1.85788,  -0.23231,  -0.12513
   1.14291,   1.90055,   0.34649,  -0.19243
   0.52883,   1.45192,   0.04321,   0.72791
  -0.27469,   1.04444,   0.64291,   0.00731
  -1.84913,  -0.30792,   0.34873,   0.23850
  -0.94942,  -1.73154,   0.00240,   0.27242
  -0.33692,  -1.49467,   0.54816,  -0.04117
   1.20182,   0.32467,  -0.42039,   0.28098
  -0.02630,  -1.64829,   0.41724,  -0.14711
  -0.11031,  -1.93535,  -0.10410,  -0.13712
  -0.01434,  -0.97422,   0.74293,  -0.09924
  -1.63523,  -0.61770,  -0.34539,   0.05833
   0.91155,  -0.20057,  -0.28632,   0.44497
   0.79517,   0.02300,  -0.25648,   0.00585
  -1.47263,  -1.98435,  -0.25000,  -0.31109
   0.00739,   1.36454,   0.26627,   0.13012
   1.37900,  -0.66259,   0.22213,   0.00103
  -1.41347,  -0.92964,  -0.17690,   0.13489
   1.16836,  -1.82119,  -0.40275,   0.07024
  -1.96374,   1.08254,  -0.10003,  -0.20899
  -0.68323,  -0.30286,  -0.06399,   0.25098
  -0.70029,   0.20563,   0.19831,   0.02222
   1.80686,  -1.79615,  -0.07989,  -0.08439
  -1.30026,  -0.79897,  -0.51152,   0.60190
  -0.75126,   0.41915,  -0.52613,   0.14522
  -1.13392,  -1.30813,   0.16959,  -0.67502
  -1.41504,  -1.27493,  -0.44276,   0.31285
  -0.08314,   0.44805,   0.52741,   0.27160
   1.24728,  -1.19502,  -0.28536,  -0.21738
   1.50490,  -0.78506,   0.51963,  -0.36987
  -0.10534,  -1.62010,   0.26910,   0.48482
  -0.19763,  -1.43654,  -0.55179,  -0.04800
  -1.75840,   0.39647,  -0.39797,  -0.08591
   0.45135,  -1.75802,   0.07501,   0.03523
   1.59328,   0.85483,  -0.42453,   0.58400
  -0.34676,  -1.64361,  -0.65441,   0.04542
  -1.76965,   0.61871,   0.72756,  -0.09275
  -1.72789,   1.09322,   0.55921,   0.02053
   0.53501,   0.28776,  -0.20483,  -0.40326
   0.34647,   0.95654,   0.12696,  -0.34720
   0.35365,  -0.42789,   0.17181,   0.44083
   1.39474,   1.30324,   0.14429,   0.23839
  -0.07393,   0.99840,   0.08549,  -0.53898
   1.47975,   0.25426,  -0.24548,  -0.32169
  -0.56145,  -0.91592,  -0.00944,   0.01344
   0.41849,   1.74614,   0.11638,  -0.04363
   1.55485,  -1.78913,  -0.35861,   0.24294
  -0.01463,   0.62051,   0.46219,   0.22192
   0.82813,   0.69771,   0.61665,   0.03914
   0.38904,   1.03503,   0.39715,  -0.20443
   0.98449,   1.17277,   0.25947,  -0.24859
  -0.04447,   0.31780,   0.51507,   0.26209
  -1.80258,   1.82682,  -0.09038,   0.49917
   1.63432,  -1.03985,   0.11836,  -0.45820
  -1.07830,   1.96657,   0.11641,  -0.20557
  -1.23844,   0.03248,   0.00197,  -0.07881
   1.66244,  -0.16221,  -0.28275,  -0.69021
  -0.01550,  -1.25437,   0.53496,   0.08789
   0.24498,   0.25267,   0.05302,  -0.18055
  -0.27445,   1.29543,  -0.53691,   0.21436
  -1.81996,   0.69926,   0.19492,  -0.24521
  -1.07455,   1.46753,   0.31776,   0.22928
   0.05984,   1.39365,  -0.39196,   0.17143
  -1.56555,  -0.97539,  -0.09890,  -0.24988
   0.38736,   1.54122,  -0.02008,  -0.61093
  -1.01104,  -0.12580,  -0.16175,   0.11821
  -0.61509,  -1.45091,   0.35905,  -0.13319
   1.95354,   1.44633,   0.19129,   0.34451
  -1.05297,   0.73757,  -0.41360,   0.13709
   1.02062,  -1.05774,  -0.17474,   0.04908
  -1.94787,   1.78570,   0.07638,   0.31743
  -1.75825,  -1.49916,   0.20895,   0.15678
  -0.00363,  -0.66236,   0.22369,   0.06652
   1.28008,   1.62006,   0.02838,  -0.05720
   1.35490,  -0.86805,   0.07453,   0.73299
   0.71157,  -0.50995,  -0.41991,  -0.57176
  -1.16783,  -1.38584,   0.02126,  -0.14205
  -0.32550,  -1.07805,  -0.37173,  -0.15926
  -0.72665,   0.72475,   0.19647,  -0.06260
   0.31968,   1.73438,  -0.13534,  -0.00109
  -0.66525,   1.31723,  -0.36915,   0.51693
   0.19981,   0.11365,  -0.08784,  -0.36193
   1.77655,  -1.15892,  -0.19132,  -0.00414
  -0.97022,  -0.48760,  -0.45570,   0.41792
  -0.79871,   1.81623,   0.07604,   0.08303
   1.45799,  -1.17633,  -0.11716,   0.41412
   0.48346,  -1.27154,   0.35304,   0.06017
   0.29070,  -0.31941,   0.20062,   0.15332
  -0.71898,   1.01216,   0.06376,   0.05325
  -0.82196,   1.03723,   0.09173,   0.19596
  -0.32640,   0.89622,   0.24668,   0.51236
  -1.99308,  -0.45686,   0.04389,   0.08844
   1.43860,   0.30246,   0.04726,   0.39316
  -0.17644,   0.10986,  -0.37116,   0.46390
   0.07516,   0.82007,   0.06076,  -0.27151
   1.85612,  -0.50226,   0.01196,   0.21477
   0.81351,   1.52073,   0.08879,  -0.19694
   0.80321,   1.43923,  -0.40647,  -0.21605
   1.05058,  -1.23499,   0.08678,   0.20782
  -0.35740,   0.58487,   0.21551,   0.43822
  -1.84852,  -0.47300,  -0.19778,  -0.64443
   1.77118,  -0.40109,   0.32446,  -0.47674
   0.12854,   0.90945,   0.13151,  -0.41147
  -1.44942,   0.17407,   0.30940,   0.50266
  -1.59891,   0.86944,  -0.10849,  -0.17538
  -1.77377,  -1.87970,  -0.15675,   0.19272
   1.89988,   1.24013,   0.20622,  -0.22166
   0.42094,  -0.02249,  -0.56491,   0.09217
  -0.73865,  -1.39839,  -0.01716,   0.16387
  -1.25648,   0.70682,  -0.17353,  -0.35424
   0.25087,   0.90729,   0.42668,  -0.43011
  -0.12410,   1.70580,   0.37249,  -0.32283
   0.29595,  -1.00445,  -0.01647,  -0.01071
  -1.23075,  -1.63924,  -0.33122,   0.37300
  -1.84665,  -1.44067,   0.11024,   0.42887
  -1.29094,   1.00548,  -0.02085,  -0.45496
   1.73542,   0.68075,   0.15436,   0.45510
   0.45821,   1.09172,   0.41411,  -0.07240
  -1.34854,   1.93447,  -0.35590,   0.06031
   0.84383,  -1.55328,   0.23312,   0.44478
  -1.21187,   0.55079,   0.07811,   0.30470
   1.90708,   0.51949,  -0.35122,   0.25577
  -0.40152,  -1.86270,  -0.14454,  -0.36696
   0.76496,  -0.29424,  -0.09887,   0.00583
   1.69878,  -1.83457,  -0.17966,  -0.45207
   1.56111,  -1.63932,  -0.03046,  -0.07311
  -1.21186,  -0.12405,   0.23321,  -0.31185
   1.33354,  -0.44245,  -0.18461,  -0.18300
   1.68523,   1.12460,  -0.04539,   0.11936
  -0.05388,   1.48274,   0.06805,   0.34705
   1.51071,  -0.99455,   0.40554,  -0.02154
  -1.60435,  -1.26704,  -0.03737,   0.28738
  -0.21095,   1.53231,   0.54599,   0.10215
   1.27805,   1.38833,  -0.18592,  -0.51369
   0.83316,   1.90792,   0.22063,   0.16694
   1.39320,  -0.91005,  -0.05552,   0.16489
   1.29503,  -1.43961,   0.38120,   0.00383
   1.72590,   0.65304,  -0.12241,  -0.16600
  -0.17332,  -0.18403,  -0.15796,  -0.05709
  -0.46544,  -1.60593,  -0.15067,  -0.11523
   0.64482,  -1.72685,  -0.19090,   0.16065
   1.32335,  -0.53912,  -0.30342,   0.06395
   1.93609,   1.76397,   0.60724,   0.36859
  -1.50887,   0.86645,   0.06204,  -0.47180
  -1.92522,   1.18905,  -0.66752,  -0.21472
  -1.89913,   0.00665,   0.28072,   0.43646
   1.48759,   1.54015,  -0.42306,  -0.01660
  -0.32379,   0.81717,   0.18383,   0.28827
   0.80126,  -1.65220,   0.11468,   0.44270
   1.34336,   1.72373,  -0.17905,   0.19764
  -0.68131,  -1.53245,   0.13144,  -0.40034
   1.25612,   1.27186,  -0.22343,   0.17102
  -1.64668,   0.09194,  -0.00578,  -0.22557
   1.85106,  -1.36812,  -0.27060,   0.08786
  -0.30219,  -1.92755,  -0.21738,   0.33512
   0.72555,  -0.51323,   0.16546,   0.33001
   0.72149,  -1.78421,   0.01404,  -0.28040
   0.16257,   0.94873,  -0.19891,  -0.50545
   0.97625,   1.54606,  -0.48660,  -0.01407
  -1.12930,   0.80537,   0.21702,   0.14303
  -1.94292,  -1.92859,   0.10151,  -0.02556
   0.60057,  -0.05504,   0.47063,  -0.42907
   1.61849,  -1.89261,   0.02648,   0.03173
  -0.56551,  -0.40909,   0.05047,  -0.27611
  -0.75016,  -0.62713,  -0.01549,   0.07945
   0.47054,   1.20820,  -0.15347,   0.16697
   0.02382,   1.86900,   0.62362,  -0.17321
  -0.21040,   1.20946,   0.52181,   0.10577
  -0.60815,   0.96860,   0.14584,   0.20848
   1.21168,  -1.15764,   0.01986,   0.59189
   1.34764,   0.88829,  -0.11946,  -0.17468
   1.21789,  -0.64226,   0.06041,  -0.48272
  -1.45037,   1.09022,  -0.35996,   0.04225
   1.44348,  -0.35798,  -0.14444,   0.22716
   0.88727,  -1.40392,  -0.06034,   0.46091
  -1.22958,   1.15045,   0.07160,   0.69629
   1.10547,  -1.77918,   0.15768,  -0.10325
  -0.32201,  -1.95308,  -0.13155,   0.00119
   1.74407,   1.51727,  -0.00890,  -0.32328
   1.92087,  -1.31916,   0.02542,  -0.01550
  -0.24500,   0.95485,   0.10345,   0.12936
  -0.93593,  -1.25089,  -0.03729,  -0.15309
  -0.19239,   0.85636,  -0.11887,   0.27034
   1.93417,  -1.03603,  -0.59942,   0.07911
  -0.84702,  -0.26619,   0.13512,  -0.01386
   0.30997,   1.81893,   0.07874,   0.16208
  -1.47456,   1.33154,   0.23121,  -0.24440
   1.03519,  -0.39492,  -0.11191,   0.29218
  -1.16104,  -1.52782,  -0.39608,  -0.61438
  -0.61707,  -0.78105,  -0.27318,  -0.20016
  -0.16504,  -1.47285,   0.48831,  -0.16195
  -0.42789,   0.53952,   0.45440,   0.32516
  -0.66087,   0.82290,   0.58581,   0.10195
   1.55682,   0.83467,  -0.18711,  -0.09600
  -1.73162,   1.47579,   0.15542,   0.22502
   1.23227,   0.60138,   0.00624,  -0.05167
   1.24922,  -1.50307,  -0.05813,   0.10856
   0.43842,  -1.94239,  -0.11397,  -0.36085
  -0.38294,  -1.05883,   0.29098,  -0.21152
   1.99086,  -0.77511,   0.37569,  -0.06161
   0.42154,   0.97110,  -0.34795,   0.12106
  -1.64538,   1.10842,   0.08770,   0.11491
  -1.93811,  -0.56620,   0.45752,  -0.36394
  -0.24016,   0.04249,  -0.61503,   0.32941
   0.23887,   0.07531,  -0.50497,   0.16683
  -0.28504,  -0.24972,  -0.04146,  -0.39909
  -1.33229,  -0.56251,  -0.03367,   0.15938
  -1.38536,  -1.78165,  -0.22490,  -0.05781
  -1.87462,   0.44501,   0.07606,  -0.26424
   1.32843,  -1.89124,  -0.53000,  -0.38991
   0.94317,  -0.96019,  -0.10985,  -0.34154
  -1.92226,  -0.14784,  -0.26690,  -0.15423
  -1.60293,   1.27248,  -0.51938,   0.41618
  -0.50953,   0.94471,  -0.57604,  -0.05022
  -1.43687,  -0.39782,   0.11154,  -0.09461
   1.68916,   0.24180,  -0.54437,   0.10522
   1.08579,   1.84186,  -0.10007,   0.55911
  -0.65029,  -1.99592,  -0.08730,   0.42673
   1.15192,   1.20972,  -0.23767,   0.04057
   0.47922,  -1.62770,   0.05115,  -0.06342
   1.04387,   0.08205,   0.26813,   0.01585
   1.65785,   0.72264,   0.19134,  -0.24404
  -1.65766,  -0.55820,  -0.14961,  -0.20559
   1.96210,   1.61944,  -0.09144,  -0.06539
   0.46246,  -1.66905,   0.07945,   0.05638
   0.74027,  -1.36603,   0.47451,   0.53110
   0.02498,  -1.64374,  -0.01999,   0.36082
  -1.87212,  -1.65460,  -0.21322,   0.18933
  -0.05324,   1.39250,   0.24802,   0.31809
   1.58356,   1.01337,  -0.42641,  -0.28313
  -1.78895,  -0.57500,  -0.34434,  -0.29156
  -0.33548,  -0.77715,   0.30718,   0.09315
  -0.14680,   0.55192,  -0.18495,  -0.20597
  -0.93993,  -0.94627,  -0.03549,   0.12398
   1.42756,   1.45126,  -0.13258,  -0.27686
   0.88581,  -1.97613,   0.31835,  -0.45463
  -1.87638,   0.17448,  -0.18456,  -0.43232
  -1.01097,   1.84056,   0.05120,  -0.56789
   1.69751,  -0.34313,  -0.47615,   0.48556
  -1.26157,  -1.16309,  -0.55500,  -0.18245
  -1.51195,  -0.79383,  -0.03038,   0.68115
   0.88155,   0.68895,   0.33065,  -0.06824
  -1.52908,  -1.17007,   0.08759,  -0.00192
   1.46250,  -0.57268,  -0.45710,  -0.21734
   0.20850,  -0.90740,   0.46240,  -0.15258
   1.77676,   0.36502,  -0.12294,   0.42882
   0.30056,   0.87343,  -0.18090,  -0.39112
  -0.43997,  -1.73674,  -0.03459,   0.05616
   1.59173,   0.07467,   0.13588,  -0.19351
  -0.53725,  -1.12070,  -0.08796,  -0.43030
   0.18443,  -1.89375,   0.13192,  -0.35797
   0.45986,  -0.48978,   0.40860,  -0.13709
  -1.90138,   0.66621,  -0.18196,  -0.13649
   1.52481,  -1.06014,  -0.33855,  -0.27669
  -0.09546,  -1.32137,  -0.17378,   0.46144
  -1.45053,   1.28411,   0.45676,  -0.22517
   0.47588,   1.60409,  -0.42851,  -0.17105
  -0.41130,  -1.77589,   0.46405,   0.22435
  -0.22281,  -1.91931,  -0.14048,  -0.33188
   0.04941,  -0.80076,   0.11139,   0.25107
  -1.00732,  -1.94163,   0.21056,  -0.29118
   1.38191,   1.75023,  -0.04869,   0.00631
   0.82130,   0.44167,   0.11380,  -0.25053
   0.48101,  -1.89205,   0.23058,   0.14396
   1.19699,   0.72053,   0.20567,   0.39223
  -1.60522,  -0.07445,   0.16958,   0.01554
  -0.40167,   0.80862,   0.02432,   0.55501
  -0.20698,   1.98833,  -0.09544,   0.10796
  -1.32073,  -0.56504,  -0.01293,   0.18619
  -1.77127,  -0.53945,  -0.34231,   0.41801
  -0.68623,  -0.02426,   0.08083,   0.25340
   1.11193,   0.18258,  -0.13287,  -0.20031
   0.05851,  -0.54916,   0.06110,  -0.15885
   0.05813,   0.85194,   0.41813,  -0.28690
   0.13662,  -0.41549,  -0.39034,  -0.17295
  -1.06284,   0.92266,  -0.01437,   0.60148
  -1.75895,  -1.99621,   0.01129,  -0.19311
  -1.94796,   0.79407,   0.29017,   0.17407
  -0.46848,  -1.40431,  -0.12818,  -0.62772
   0.97777,   1.06530,   0.12661,   0.47268
   0.79339,   1.36571,   0.01488,   0.52598
   0.60493,  -1.15544,   0.47978,  -0.03953
  -1.51875,  -1.88010,  -0.26532,   0.61779
   0.00216,  -1.36453,   0.01278,   0.06876
   0.89357,  -1.10721,  -0.05581,   0.11533
   1.56578,  -0.98193,   0.08045,  -0.62102
  -0.29209,   0.99710,  -0.00085,   0.59005
   1.13650,  -1.71431,  -0.08407,  -0.23244
   1.33877,   1.10879,   0.30251,  -0.20569
   1.83207,  -1.24721,  -0.78062,   0.01579
   0.20456,  -1.92916,   0.37474,  -0.18078
  -1.06074,  -0.16423,   0.01848,  -0.20935
  -1.79212,  -1.28160,   0.04398,   0.40024
  -1.73716,  -1.57975,  -0.00352,   0.44489
   0.88309,   0.91119,  -0.20128,   0.09886
  -0.23512,  -0.02620,  -0.61722,  -0.29860
   0.39352,   1.72220,   0.00527,   0.18615
  -0.68583,   1.24567,   0.15060,  -0.00804
  -0.31680,   1.32323,   0.24777,   0.26354
  -1.35376,  -1.22796,   0.31654,  -0.21220
   1.47868,   1.86053,   0.16862,   0.25890
  -1.30153,  -0.30067,  -0.32456,  -0.17641
   0.35301,   1.98448,   0.23756,  -0.07778
   0.27582,  -1.80731,  -0.14508,   0.44431
   1.66967,  -0.19747,   0.39328,   0.37129
   1.56957,   1.21539,  -0.28640,  -0.09316
   0.48630,  -0.61359,  -0.11084,   0.29793
  -1.57503,   1.21456,  -0.15891,   0.16042
   0.02109,   0.81880,   0.19957,  -0.12023
  -0.80172,   0.84924,  -0.00615,  -0.08068
   0.44813,   1.92587,   0.55816,  -0.54895
  -1.97249,  -1.85404,   0.04285,  -0.18228
   1.95174,  -0.12457,   0.49078,  -0.27463
  -0.52910,  -1.10917,  -0.26498,   0.44758
   1.71525,  -0.05009,  -0.67096,  -0.07883
   1.86123,   0.92127,  -0.26998,  -0.11122
   1.78109,  -0.09486,  -0.33261,   0.00946
  -1.41984,   0.77575,  -0.03054,  -0.14774
   0.80692,  -0.97521,   0.05894,  -0.63427
   0.56562,  -1.90310,   0.22629,  -0.22012
  -1.90863,   0.22358,  -0.46220,   0.07615
  -1.86066,  -0.88335,  -0.28156,   0.25100
  -1.42740,  -1.52779,   0.48155,  -0.47436
  -1.30424,   0.57136,   0.23927,   0.40793
  -1.41886,  -1.39543,  -0.48704,   0.53916
   0.57898,   1.49999,   0.50462,  -0.28964
   1.34036,  -0.80680,  -0.65567,   0.12553
   0.48625,   0.12187,  -0.37705,  -0.08823
  -0.01574,   0.68391,   0.28969,   0.00973
  -0.82355,  -0.58687,   0.29781,   0.14670
   1.60419,   0.48012,   0.35976,  -0.24607
   0.88600,   1.50410,  -0.12828,  -0.34930
   1.26468,   1.57232,   0.43458,   0.25779
   1.41862,  -0.68578,  -0.35863,   0.08208
  -1.24426,   0.04716,   0.43934,   0.27628
  -1.21241,   1.31723,  -0.26709,   0.09949
   1.25413,   1.43413,  -0.47967,  -0.45229
  -1.67541,  -0.79838,  -0.10710,  -0.59825
   1.29061,  -0.36332,   0.25054,   0.28119
   1.57979,   1.60725,  -0.02989,   0.00988
   1.97719,  -1.29252,  -0.16746,  -0.38771
  -1.49970,  -0.34197,  -0.13916,  -0.31174
   0.22944,   0.83361,   0.42844,  -0.07411
  -0.46284,  -0.38089,   0.18271,  -0.48770
  -1.65266,   1.59196,  -0.05268,  -0.00318
   0.42255,   0.80114,   0.14208,  -0.20875
  -1.14913,   1.33843,  -0.21039,   0.27164
   0.43876,  -0.53452,   0.39509,   0.47028
  -0.66997,   0.33756,   0.42372,   0.57481
   0.27281,   0.03618,  -0.50145,  -0.07401
   1.48461,   1.33420,   0.27669,   0.64729
  -1.14058,  -0.77290,   0.05839,  -0.37325
  -0.45603,  -1.69334,   0.51368,  -0.04693
  -1.68818,   1.51259,   0.21056,   0.38067
   0.14204,  -1.12079,  -0.36156,  -0.12982
   0.08934,   1.00656,   0.58246,   0.04154
   0.69103,   0.01603,   0.23479,  -0.24785
  -0.18553,  -1.26975,  -0.01246,   0.35191
   0.25366,   1.68613,   0.38111,   0.18008
   0.40002,   1.58939,   0.06787,   0.26271
   0.61884,   0.09357,  -0.43337,  -0.01214
   0.28036,   1.47768,   0.28115,   0.37818
  -0.14834,   0.35603,  -0.11192,  -0.17897
   0.71867,   1.87263,   0.08978,  -0.04486
  -0.39982,   0.81859,   0.12026,   0.36230
   0.74662,   1.03493,   0.56421,  -0.43824
   1.18244,  -0.91749,  -0.28073,   0.09381
  -1.42723,  -0.50494,  -0.22582,   0.18392
   0.86785,   1.12385,  -0.27208,  -0.60809
   0.62886,  -0.95291,   0.00902,  -0.09033
   1.07174,   0.57389,   0.18244,  -0.36834
  -1.56987,   1.86232,   0.00358,   0.67399
   1.98788,   1.04119,  -0.24099,   0.06889
  -0.69914,   0.88432,  -0.28104,   0.02126
  -1.88061,   1.22661,   0.25890,   0.45554
  -0.76198,  -1.31185,   0.15957,  -0.49711
  -1.01559,  -1.56241,   0.04943,   0.08624
  -1.38045,   0.88228,  -0.64577,   0.32104
  -0.03249,  -0.48918,  -0.12840,  -0.20560
   0.65930,   1.90769,   0.21906,  -0.20883
  -1.05819,  -0.30126,  -0.13470,   0.70840
  -0.84294,  -1.00649,   0.75951,  -0.18697
  -1.19228,  -0.12594,  -0.28151,   0.37909
  -0.19887,  -0.16153,  -0.23238,  -0.24448
   0.18553,  -1.30016,   0.55607,   0.08759
   1.85911,   1.32041,   0.04317,  -0.12873
  -1.17151,   0.61364,  -0.33365,  -0.31798
  -0.17832,   0.85191,   0.12235,   0.35225
  -1.50046,  -1.96736,   0.28996,  -0.45636
  -0.22733,   0.03409,  -0.64721,   0.05064
  -1.11106,   1.25584,   0.24105,   0.25557
   0.43897,  -1.27935,  -0.06993,  -0.13727
   0.29494,  -0.98524,   0.34458,  -0.03684
  -0.74996,   0.29183,  -0.23480,   0.00428
   0.40709,  -0.78054,   0.26383,   0.12469
   0.15564,   1.84985,  -0.15594,   0.09428
   1.90373,   0.52434,   0.72249,  -0.21042
   0.28121,   0.56841,   0.24574,  -0.47470
   0.89833,  -0.06476,   0.10550,   0.19114
  -1.07909,   0.41165,   0.00088,  -0.47436
  -1.30074,   0.71414,  -0.20422,   0.22838
   0.10067,   0.20282,   0.49403,  -0.62210
   0.42516,  -0.04347,  -0.04603,  -0.02053
   1.60209,  -1.71306,   0.11287,   0.37482
   1.20723,  -0.45560,  -0.17793,   0.15808
   1.18340,   0.01836,  -0.11642,   0.17044
  -1.82541,  -1.28773,  -0.03248,   0.48025
  -0.67113,  -1.02368,  -0.07135,   0.21655
   1.28177,   0.46034,  -0.10917,  -0.05290
  -0.84362,  -0.57079,  -0.08668,  -0.55006
  -1.85831,   1.72069,   0.32605,   0.22354
   0.41401,   0.66276,  -0.26061,  -0.11847
  -0.22787,   0.19973,   0.54877,   0.12837
   0.02592,  -1.57510,   0.50333,   0.14335
  -0.34388,  -1.23799,  -0.32527,  -0.04976
   0.66567,  -0.07619,   0.10513,   0.47663
  -0.43644,  -0.97839,   0.11815,   0.15876
  -1.35213,  -1.45815,   0.12796,  -0.25641
  -1.96473,  -1.57716,  -0.50987,   0.03893
  -0.74518,   0.46426,   0.39209,   0.18139
   0.70083,  -1.89386,   0.03592,   0.43472
  -0.40487,   1.80082,  -0.21859,   0.06517
  -0.64946,   0.80125,   0.56278,   0.26290
  -1.48246,  -0.37466,   0.06938,  -0.26373
  -0.48922,   0.95656,  -0.03720,  -0.16730
  -1.21576,  -1.03673,  -0.47594,  -0.20271
  -1.29311,   1.81942,  -0.02785,  -0.13680
  -0.55208,   1.13324,   0.08429,  -0.05681
  -0.71849,  -1.30327,  -0.01736,  -0.05283
   0.10961,  -1.38215,  -0.34702,   0.39698
  -1.29700,  -0.73090,   0.22362,   0.09928
  -1.80405,  -1.71767,  -0.22276,  -0.36254
  -0.84056,  -0.89453,   0.62307,  -0.09718
  -0.42233,   1.68271,   0.03091,   0.63586
  -0.99169,   1.89026,  -0.05840,   0.29036
  -1.84588,   0.50533,  -0.25573,  -0.15165
  -1.23136,   0.19084,  -0.08830,  -0.13905
  -1.96464,   0.79613,  -0.23643,  -0.04038
  -1.61601,  -0.34586,  -0.37088,   0.55064
  -0.90268,  -0.86100,  -0.01896,  -0.01304
   0.54297,  -1.26726,  -0.10301,   0.61547
  -0.89061,   0.02359,  -0.23588,   0.26296
  -1.58349,  -1.07543,  -0.06070,   0.10445
  -0.39412,   0.66477,  -0.24097,   0.27057
   0.86427,  -0.81663,  -0.04125,   0.18683
   1.06410,  -0.66833,  -0.21690,  -0.07488
  -1.71823,   1.46796,   0.09714,  -0.57279
   1.30886,   0.54114,   0.20633,   0.16293
  -0.52363,   1.00409,   0.41432,   0.48166
   0.05047,  -1.47473,  -0.07497,  -0.22273
   0.23774,  -1.26644,   0.19032,   0.30087
   1.51068,  -1.04040,   0.08583,   0.46665
  -0.71716,   0.51192,  -0.38746,   0.11657
   0.41015,   1.51071,  -0.17986,   0.04878
   1.70589,   0.32304,   0.21217,  -0.75242
  -0.45660,   0.21480,  -0.51481,   0.07058
  -1.85763,   1.58506,  -0.20926,   0.34673
   1.56323,   0.27971,   0.11380,  -0.24097
  -0.32543,   0.85521,  -0.09341,   0.08771
   1.47382,   1.01448,  -0.29210,   0.29816
  -0.75115,   1.50065,  -0.40802,  -0.23018
   1.96896,  -1.11519,   0.71325,  -0.32011
  -0.76411,  -1.15728,   0.13648,  -0.13604
   1.04316,  -1.38880,   0.09626,   0.48401
   1.46751,  -0.63797,   0.33903,   0.34450
  -0.81835,  -0.69242,   0.54808,  -0.02566
  -1.34643,  -1.17230,  -0.06226,  -0.13703
   1.16262,  -0.02978,   0.09867,   0.75234
   0.93196,  -1.37640,  -0.46296,  -0.07165
   0.37802,   0.16487,   0.06880,  -0.17330
   1.71477,  -1.26931,   0.34304,  -0.29876
  -1.66645,   1.40790,  -0.01350,   0.13377
  -1.54327,  -1.70759,  -0.03635,  -0.42688
  -0.60435,  -1.54203,  -0.37383,  -0.06736
   1.56750,   1.16221,   0.33127,  -0.06568
  -1.77887,   1.24631,  -0.12635,  -0.23564
  -1.38420,   0.63509,  -0.11054,  -0.05775
  -1.20175,   0.53976,  -0.25946,   0.22886
   0.84890,   1.68058,  -0.11750,  -0.44981
  -1.14698,  -1.61083,  -0.40731,  -0.12526
  -1.87876,  -1.60095,   0.62146,  -0.20137
  -1.50680,  -1.15058,   0.17935,  -0.18719
   1.07990,   0.00869,  -0.48513,   0.00659
   0.60183,  -0.79746,   0.12214,  -0.17518
   1.69523,  -1.16240,   0.27383,   0.47663
  -0.27405,  -1.75451,   0.44376,  -0.24578
   1.54776,  -0.17378,  -0.12217,  -0.20301
   0.80961,   1.24379,   0.26703,   0.14135
  -1.05285,  -0.68102,  -0.08911,   0.36780
   0.18353,  -0.31172,   0.23592,   0.21621
   0.96917,  -0.66876,   0.29615,   0.24622
  -0.52297,  -1.43811,  -0.08680,  -0.18552
   1.02900,   1.40378,   0.44869,   0.56851
  -0.53227,  -1.14625,  -0.15756,  -0.27584
  -0.12200,   0.93844,  -0.04465,  -0.02716
  -0.72299,   1.47031,   0.15538,  -0.17106
  -1.59049,   0.61200,   0.02563,   0.09113
  -1.77279,  -0.62607,   0.37931,   0.29665
   1.72325,  -0.00425,  -0.03840,   0.07747
   0.22096,   1.00319,  -0.47706,   0.07849
  -0.47773,  -0.56903,  -0.07778,  -0.37861
   0.08136,  -0.84149,   0.44095,  -0.25794
   1.78638,  -0.81046,  -0.22486,  -0.10579
  -1.75864,  -0.15933,  -0.32292,  -0.16120
   1.75748,  -1.59549,   0.07646,  -0.07119
  -1.21066,  -1.80680,   0.53600,  -0.38709
   0.89051,  -0.57792,   0.07611,  -0.25721
   1.18906,  -1.92644,   0.55903,   0.15196
   1.57357,  -1.40675,   0.05946,  -0.13218
   1.52824,   0.83644,  -0.02335,  -0.13371
   0.99670,   0.04430,  -0.48425,  -0.14929
   0.99854,  -0.36705,  -0.53840,   0.18583
  -1.13392,  -1.55045,  -0.09916,  -0.02300
   0.28830,  -0.91857,   0.49384,  -0.01812
  -1.63276,   0.69591,  -0.17015,   0.03033
  -1.89176,  -1.80826,   0.07277,  -0.48518
   0.75133,   1.20638,   0.17826,  -0.45586
   0.45621,   1.67623,   0.58094,   0.36666
   1.12831,  -0.15624,   0.13510,   0.20073
  -0.30129,   0.69755,   0.04431,  -0.14514
  -0.11018,  -0.83337,  -0.07657,   0.20226
   1.43445,   0.83448,  -0.22675,   0.55416
  -1.83938,  -1.80311,   0.27700,  -0.33827
   0.00262,  -1.87992,  -0.24257,  -0.55048
  -1.66935,   1.40138,  -0.03935,  -0.00895
  -0.41614,   0.46879,   0.06992,   0.31733
   0.86017,  -1.71257,   0.09057,   0.05408
   0.26972,  -0.08959,  -0.20922,   0.69188
  -1.07664,  -0.68738,  -0.51049,  -0.22973
  -0.55764,   1.56756,   0.31002,  -0.08199
   1.82788,  -1.69536,  -0.26078,   0.34692
  -1.63997,   0.29269,  -0.03457,  -0.10356
  -0.43330,   1.55434,   0.03154,  -0.02780
  -1.63562,   0.16491,   0.05817,   0.06461
   0.78565,  -1.93896,   0.17956,  -0.25685
  -1.76514,   1.48188,  -0.04669,  -0.43714
   0.57041,   1.88238,  -0.29481,  -0.62191
   0.63158,   1.11554,  -0.51346,  -0.18552
   0.04539,  -0.22712,  -0.03842,   0.51959
  -1.03433,   1.76414,   0.09697,  -0.11051
  -1.02846,  -0.70134,  -0.23345,   0.11831
  -1.45662,   0.47324,  -0.23857,   0.45456
  -1.63921,   0.44199,  -0.03756,   0.10771
  -1.80054,  -1.11249,   0.50637,   0.33760
   0.01448,  -1.46134,   0.11451,   0.36530
  -0.40185,  -1.77793,  -0.36410,  -0.02724
  -0.04857,   1.98140,   0.03123,   0.31693
   1.24035,   0.81867,  -0.36331,   0.03034
  -1.20559,  -1.88477,   0.10604,  -0.42193
   0.00352,  -1.15412,   0.70529,   0.00146
   1.68211,  -1.42700,   0.11015,  -0.07137
  -0.09362,   1.85283,  -0.09722,  -0.16852
  -1.53213,  -1.28265,   0.13616,  -0.08675
   0.57995,   0.68144,   0.27747,   0.08030
   0.29975,   1.33289,   0.09037,   0.26919
  -1.48208,  -1.64242,  -0.03728,  -0.12836
  -1.67060,  -1.77295,   0.59088,  -0.50851
   1.25605,  -1.17187,  -0.28723,  -0.13590
  -0.14475,  -1.05873,  -0.18511,  -0.12321
  -0.70265,   0.81465,  -0.23468,   0.23061
  -1.31412,   1.57591,   0.25492,   0.20206
  -1.56065,   1.76237,   0.01020,   0.07653
  -1.46635,  -1.60379,   0.36261,  -0.18854
  -1.57489,   0.13296,  -0.24020,   0.13871
   0.90178,   1.98750,  -0.70906,   0.19829
  -0.03752,   1.89377,  -0.15173,   0.18650
  -0.04410,   0.73963,   0.29873,  -0.13473
   1.65579,  -1.50911,  -0.26854,  -0.21209
  -0.69313,   0.51067,   0.38668,   0.00339
  -0.89690,  -0.35927,  -0.27641,  -0.21378
  -0.52798,  -1.03942,   0.06923,   0.28957
   1.93997,  -0.95413,  -0.12238,  -0.09308
   1.92603,  -0.35624,  -0.24829,   0.30643
  -0.35873,  -0.44006,   0.33841,   0.21715
   1.75530,   1.84199,   0.02377,  -0.21031
   0.66830,   1.01455,   0.18372,  -0.11887
  -0.50732,   1.59190,   0.21371,  -0.01087
  -0.70104,  -1.52831,   0.20528,   0.22900
  -1.01202,   1.52464,   0.18195,   0.40683
  -0.86526,   1.81958,   0.08762,   0.20838
   0.43042,  -0.61202,  -0.27502,   0.06735
   0.77987,   0.14402,   0.09450,   0.12513
   1.66557,  -0.02185,  -0.37559,  -0.01249
   1.12007,   0.82056,   0.62961,   0.41346
   1.93376,   1.41990,  -0.16173,   0.25903
  -1.72605,  -1.77741,  -0.19052,   0.20880
  -1.84004,   1.42755,  -0.14350,   0.42394
  -1.00666,  -1.68059,   0.46988,   0.55181
   0.86671,  -0.30105,  -0.14158,  -0.25996
   1.48665,  -1.60082,   0.15326,  -0.00031
   1.37191,   1.85437,   0.28801,   0.02845
  -0.52312,  -1.60537,   0.04554,   0.15255
   1.62747,  -1.09017,   0.02410,   0.42496
   1.35923,   0.75309,   0.10852,  -0.39954
   0.57646,   0.01151,   0.18772,   0.31363
   0.73063,  -1.37228,   0.31268,   0.36704
  -1.67033,   0.65874,   0.01439,   0.29526
   0.37721,  -0.20129,   0.02088,  -0.26908
  -0.89960,   0.11636,  -0.02701,   0.00465
   0.37812,   0.71578,   0.09410,   0.00478
   0.63196,  -0.55959,  -0.40319,  -0.07957
   0.81554,  -0.93275,   0.09843,   0.03544
  -0.80013,  -1.49302,  -0.09454,  -0.38212
  -1.95430,  -1.66166,   0.33626,  -0.13177
  -1.09174,   1.18478,  -0.57060,  -0.02152
   1.86020,   0.67320,   0.27836,   0.17630
   1.24441,   0.11782,  -0.23628,  -0.13864
   1.96166,   0.06380,  -0.37143,   0.30245
   0.87405,  -0.85292,   0.10475,   0.06475
  -1.53416,   0.46948,   0.53494,  -0.22984
  -1.91326,  -0.19429,  -0.53401,  -0.12480
  -0.88623,   1.17926,  -0.01833,   0.05538
  -0.87097,  -0.33007,  -0.15524,  -0.47142
  -1.63554,   1.43334,   0.42305,   0.03349
  -1.23762,  -1.45784,   0.45918,   0.25116
  -1.90772,  -1.95008,  -0.30614,  -0.13823
  -0.10271,  -0.56003,   0.28741,  -0.37011
   0.75574,  -0.00742,  -0.04683,   0.25814
  -0.81802,  -1.92778,   0.05911,  -0.52173
   0.13224,   1.08019,   0.33038,   0.35414
  -1.25295,   0.85789,  -0.10726,   0.09143
   0.31359,  -1.98908,   0.16279,   0.44358
   1.41138,  -0.82869,   0.11068,   0.25611
  -0.29961,   1.39288,  -0.35958,   0.13565
  -0.87754,   0.87534,  -0.01504,   0.27755
  -1.81192,   0.95043,  -0.15641,  -0.28875
  -1.98381,   0.77694,   0.22898,   0.13007
  -1.39832,  -0.97109,   0.48167,  -0.41680
   0.83191,   1.87373,   0.30300,  -0.35814
   0.12796,   0.71559,  -0.67015,  -0.33052
   0.88796,  -0.72968,  -0.40681,  -0.33361
  -1.25900,   0.62665,  -0.25127,  -0.18885
  -0.55009,   1.48145,   0.18363,   0.02316
   1.20756,  -1.76044,   0.14967,  -0.29872
  -0.78161,  -1.59951,   0.38478,   0.15438
   1.28751,   1.84911,   0.32928,  -0.32211
   0.76512,  -1.64385,   0.26466,   0.02922
  -1.53091,  -1.30341,  -0.05473,   0.20775
   0.35454,   1.81779,  -0.52674,  -0.05258
  -0.20936,   0.65221,   0.27905,   0.16464
  -0.84553,  -0.47488,   0.07951,  -0.42629
   0.88093,   1.88721,  -0.25965,  -0.33358
   1.94224,   0.94118,  -0.25717,   0.19237
   0.95045,   1.68702,   0.05462,   0.00243
  -0.02130,   0.43525,   0.63432,  -0.32717
   1.43531,   1.06493,  -0.33578,  -0.34388
   1.87571,   1.72698,   0.07917,   0.58457
  -0.35438,  -0.64419,  -0.54047,   0.30615
  -1.27902,  -0.70808,  -0.14181,  -0.15413
   0.07418,  -1.43191,   0.15158,  -0.36079
  -1.24712,   1.60123,   0.03476,  -0.44924
  -0.94004,   0.76383,   0.18656,   0.40782
  -0.18247,   0.28422,   0.18875,   0.43266
  -1.81403,  -0.24090,  -0.16992,   0.24580
  -1.52278,   1.79067,   0.32882,  -0.01856
  -0.92695,  -1.85407,   0.05848,   0.08299
   1.43051,  -1.35527,   0.05087,  -0.21918
   1.01095,  -1.77916,  -0.09991,  -0.40589
  -0.76534,   1.20176,  -0.09455,  -0.27498
   0.99821,  -0.25139,  -0.12180,   0.03534
   0.50126,  -0.41602,  -0.14480,  -0.12577
  -0.30638,  -1.25863,  -0.50521,  -0.46653
   1.13597,  -1.49220,   0.02306,   0.29475
  -1.52664,   0.80678,  -0.18661,  -0.28905
  -1.20309,  -1.65325,   0.08278,  -0.08107
   0.81639,   0.01096,  -0.50588,   0.43041
   0.09784,   0.53172,  -0.16735,  -0.53713
  -1.62272,   0.84254,  -0.17017,   0.36462
   0.68551,  -0.51914,   0.53504,  -0.21021
  -1.50210,  -1.14852,   0.29714,  -0.54693
  -1.29384,  -1.89780,   0.47076,  -0.05151
   1.77090,   0.19708,  -0.26950,  -0.33584
   1.75481,   1.02129,   0.19181,  -0.30308
  -1.67861,   0.74770,   0.22288,  -0.01739
   1.18411,   1.48290,   0.45173,   0.19552
   1.06901,  -1.21074,  -0.13627,  -0.55648
   0.33341,   0.52242,  -0.00080,  -0.42351
  -1.89551,  -1.71640,  -0.43078,  -0.40007
   1.13297,   0.20937,  -0.09501,   0.08943
   1.46959,   0.34900,  -0.05105,   0.02953
   0.73871,  -0.40954,  -0.01202,  -0.05712
   1.64141,  -1.66632,   0.08994,  -0.22407
  -0.44620,   0.25031,  -0.09818,   0.40448
